Date,High,Low,Open,Close,Volume,Adj Close
2009-01-02,59.38999938964844,57.52000045776367,57.54999923706055,59.189998626708984,5313900.0,42.266517639160156
2009-01-05,59.09000015258789,58.11000061035156,58.790000915527344,58.5,3768800.0,41.773799896240234
2009-01-06,59.810001373291016,58.61000061035156,58.7400016784668,59.189998626708984,4966200.0,42.266517639160156
2009-01-07,58.959999084472656,57.58000183105469,58.61000061035156,58.06999969482422,4598100.0,41.46673583984375
2009-01-08,58.709999084472656,57.45000076293945,57.68000030517578,58.58000183105469,3944900.0,41.83091354370117
2009-01-09,59.0099983215332,57.56999969482422,58.79999923706055,57.7400016784668,3661000.0,41.23110580444336
2009-01-12,57.900001525878906,56.689998626708984,57.63999938964844,57.08000183105469,4182500.0,40.75979995727539
2009-01-13,57.29999923706055,55.709999084472656,56.849998474121094,56.25,4430100.0,40.16712188720703
2009-01-14,56.0,54.5,55.310001373291016,55.040000915527344,4520800.0,39.303077697753906
2009-01-15,55.7599983215332,54.290000915527344,55.08000183105469,55.16999816894531,4777400.0,39.39590072631836
2009-01-16,56.630001068115234,54.88999938964844,55.59000015258789,56.41999816894531,5621900.0,40.28850555419922
2009-01-20,56.599998474121094,53.849998474121094,56.41999816894531,53.91999816894531,5683600.0,38.5033073425293
2009-01-21,54.79999923706055,52.75,54.61000061035156,54.2400016784668,5892800.0,38.731807708740234
2009-01-22,54.56999969482422,52.83000183105469,53.650001525878906,54.060001373291016,4788900.0,38.60327911376953
2009-01-23,53.66999816894531,52.310001373291016,53.0099983215332,52.900001525878906,5684800.0,37.77494430541992
2009-01-26,54.54999923706055,52.95000076293945,53.540000915527344,53.560001373291016,5185200.0,38.246238708496094
2009-01-27,54.5099983215332,53.22999954223633,53.75,53.9900016784668,4722700.0,38.553306579589844
2009-01-28,55.849998474121094,53.79999923706055,54.45000076293945,55.41999816894531,6105400.0,39.574432373046875
2009-01-29,57.709999084472656,55.029998779296875,55.630001068115234,56.54999923706055,8154300.0,40.3813362121582
2009-01-30,56.810001373291016,53.290000915527344,56.59000015258789,53.790000915527344,7620300.0,38.41048812866211
2009-02-02,53.02000045776367,50.15999984741211,52.790000915527344,50.619998931884766,9052900.0,36.14683151245117
2009-02-03,51.81999969482422,50.29999923706055,51.25,51.63999938964844,7715700.0,36.87519073486328
2009-02-04,52.45000076293945,50.61000061035156,51.90999984741211,50.84000015258789,4722400.0,36.303924560546875
2009-02-05,51.83000183105469,50.0099983215332,50.54999923706055,51.54999923706055,5291000.0,36.810935974121094
2009-02-06,52.91999816894531,51.400001525878906,51.630001068115234,52.38999938964844,5305900.0,37.410762786865234
2009-02-09,54.65999984741211,52.29999923706055,52.459999084472656,54.11000061035156,7146900.0,38.63896560668945
2009-02-10,54.11000061035156,50.779998779296875,53.86000061035156,51.08000183105469,6909600.0,36.475303649902344
2009-02-11,52.189998626708984,50.7599983215332,51.7599983215332,51.290000915527344,5847600.0,36.625267028808594
2009-02-12,50.560001373291016,48.63999938964844,50.45000076293945,49.970001220703125,8495400.0,35.682674407958984
2009-02-13,50.599998474121094,49.25,50.599998474121094,49.41999816894531,4810600.0,35.289939880371094
2009-02-17,48.93000030517578,47.20000076293945,48.93000030517578,47.41999816894531,8653800.0,33.86177444458008
2009-02-18,47.58000183105469,46.61000061035156,47.2599983215332,47.13999938964844,4963800.0,34.02779006958008
2009-02-19,48.040000915527344,46.58000183105469,46.58000183105469,47.06999969482422,5554600.0,33.97726821899414
2009-02-20,47.93000030517578,46.439998626708984,46.84000015258789,47.25,8729300.0,34.107200622558594
2009-02-23,47.59000015258789,45.36000061035156,47.560001373291016,45.40999984741211,6776500.0,32.77900695800781
2009-02-24,47.619998931884766,45.349998474121094,45.72999954223633,47.400001525878906,8260400.0,34.215476989746094
2009-02-25,47.45000076293945,46.029998779296875,47.04999923706055,46.61000061035156,8566600.0,33.64521408081055
2009-02-26,47.470001220703125,46.290000915527344,47.209999084472656,46.33000183105469,6426200.0,33.44309616088867
2009-02-27,46.369998931884766,45.16999816894531,45.650001525878906,45.459999084472656,6911300.0,32.81509780883789
2009-03-02,45.18000030517578,42.75,44.619998931884766,42.84000015258789,8116600.0,30.92385482788086
2009-03-03,43.97999954223633,42.70000076293945,43.16999816894531,43.119998931884766,9081400.0,31.125986099243164
2009-03-04,45.43000030517578,43.599998474121094,43.880001068115234,44.81999969482422,9040400.0,32.35311508178711
2009-03-05,44.029998779296875,42.040000915527344,43.529998779296875,42.5099983215332,8217600.0,30.685632705688477
2009-03-06,43.279998779296875,40.869998931884766,42.84000015258789,41.83000183105469,9174100.0,30.194799423217773
2009-03-09,42.45000076293945,41.20000076293945,41.310001373291016,42.06999969482422,7150100.0,30.368030548095703
2009-03-10,45.54999923706055,41.79999923706055,42.099998474121094,45.4900016784668,10699800.0,32.83675003051758
2009-03-11,47.16999816894531,44.869998931884766,44.869998931884766,46.79999923706055,8235400.0,33.7823600769043
2009-03-12,48.02000045776367,46.119998931884766,47.04999923706055,48.0,6201500.0,34.6485710144043
2009-03-13,48.5,47.310001373291016,48.31999969482422,48.0,5058300.0,34.6485710144043
2009-03-16,48.599998474121094,47.349998474121094,48.47999954223633,47.470001220703125,5167300.0,34.266014099121094
2009-03-17,48.779998779296875,47.41999816894531,47.41999816894531,48.7599983215332,4977600.0,35.19717025756836
2009-03-18,49.75,47.689998626708984,48.27000045776367,49.20000076293945,6244100.0,35.51478576660156
2009-03-19,49.189998626708984,47.130001068115234,49.06999969482422,47.470001220703125,6993700.0,34.266014099121094
2009-03-20,47.58000183105469,45.599998474121094,47.36000061035156,45.93000030517578,8475400.0,33.154361724853516
2009-03-23,49.40999984741211,46.56999969482422,46.79999923706055,49.31999969482422,7438500.0,35.601409912109375
2009-03-24,49.459999084472656,48.060001373291016,48.45000076293945,48.29999923706055,4964700.0,34.865135192871094
2009-03-25,50.7599983215332,47.75,48.849998474121094,49.02000045776367,7846700.0,35.384864807128906
2009-03-26,51.130001068115234,49.029998779296875,49.349998474121094,51.029998779296875,7299000.0,36.83577346801758
2009-03-27,51.029998779296875,49.93000030517578,50.29999923706055,50.33000183105469,4684300.0,36.330482482910156
2009-03-30,49.939998626708984,48.08000183105469,49.720001220703125,48.650001525878906,4797300.0,35.11778259277344
2009-03-31,50.54999923706055,48.77000045776367,49.11000061035156,49.720001220703125,7183100.0,35.890159606933594
2009-04-01,50.869998931884766,48.720001220703125,48.95000076293945,50.650001525878906,5773100.0,36.56147766113281
2009-04-02,52.900001525878906,51.40999984741211,51.59000015258789,52.130001068115234,6961000.0,37.62980270385742
2009-04-03,52.4900016784668,51.25,52.22999954223633,52.11000061035156,4931100.0,37.61537551879883
2009-04-06,52.20000076293945,51.220001220703125,52.0,52.08000183105469,3885300.0,37.593711853027344
2009-04-07,51.61000061035156,50.66999816894531,51.5099983215332,50.79999923706055,4060600.0,36.66975784301758
2009-04-08,51.77000045776367,50.599998474121094,50.93000030517578,51.380001068115234,4089300.0,37.08841323852539
2009-04-09,53.70000076293945,52.61000061035156,52.61000061035156,53.130001068115234,5753900.0,38.351654052734375
2009-04-13,53.75,52.04999923706055,52.779998779296875,53.349998474121094,4586200.0,38.51045608520508
2009-04-14,53.560001373291016,52.5,52.93000030517578,52.939998626708984,4634300.0,38.21449279785156
2009-04-15,54.040000915527344,52.349998474121094,52.779998779296875,53.72999954223633,4527800.0,38.784759521484375
2009-04-16,55.0,53.20000076293945,53.849998474121094,54.7599983215332,5735600.0,39.52824783325195
2009-04-17,55.029998779296875,53.63999938964844,55.029998779296875,53.810001373291016,6641000.0,38.84250259399414
2009-04-20,53.5,51.630001068115234,53.38999938964844,51.970001220703125,4697100.0,37.51430130004883
2009-04-21,53.45000076293945,52.0,52.2599983215332,53.290000915527344,5059100.0,38.46714401245117
2009-04-22,54.349998474121094,52.25,52.619998931884766,53.060001373291016,5893700.0,38.301116943359375
2009-04-23,54.33000183105469,52.209999084472656,53.2400016784668,54.209999084472656,6210900.0,39.131229400634766
2009-04-24,57.02000045776367,53.7400016784668,54.2599983215332,57.0,11541000.0,41.14518356323242
2009-04-27,58.130001068115234,56.380001068115234,56.45000076293945,57.349998474121094,7436400.0,41.3978385925293
2009-04-28,57.66999816894531,56.29999923706055,56.79999923706055,56.54999923706055,4552700.0,40.82038116455078
2009-04-29,57.939998626708984,56.779998779296875,57.0,57.52000045776367,4622100.0,41.52055740356445
2009-04-30,58.97999954223633,57.0,58.18000030517578,57.599998474121094,5355800.0,41.57830047607422
2009-05-01,57.970001220703125,56.97999954223633,57.560001373291016,57.880001068115234,4083200.0,41.78042221069336
2009-05-04,58.7599983215332,57.61000061035156,57.88999938964844,58.47999954223633,4520100.0,42.213523864746094
2009-05-05,58.7599983215332,57.779998779296875,58.41999816894531,58.43000030517578,4302400.0,42.17744064331055
2009-05-06,59.36000061035156,57.83000183105469,58.7400016784668,59.13999938964844,5067100.0,42.689937591552734
2009-05-07,59.560001373291016,57.970001220703125,59.0099983215332,58.77000045776367,5627600.0,42.42285919189453
2009-05-08,60.22999954223633,59.20000076293945,59.209999084472656,60.09000015258789,5408200.0,43.37569808959961
2009-05-11,59.58000183105469,58.70000076293945,59.40999984741211,59.11000061035156,3896100.0,42.668277740478516
2009-05-12,59.79999923706055,58.349998474121094,59.41999816894531,59.529998779296875,4082800.0,42.971466064453125
2009-05-13,58.689998626708984,56.599998474121094,58.38999938964844,56.939998626708984,5679600.0,41.101871490478516
2009-05-14,58.310001373291016,57.029998779296875,57.16999816894531,57.939998626708984,4640800.0,41.8237190246582
2009-05-15,58.75,57.5099983215332,57.7599983215332,57.91999816894531,4747300.0,41.809288024902344
2009-05-18,59.31999969482422,58.099998474121094,58.29999923706055,59.22999954223633,4224800.0,42.75490951538086
2009-05-19,59.5,58.25,59.06999969482422,59.0,4100400.0,42.58888626098633
2009-05-20,59.68000030517578,58.130001068115234,59.099998474121094,58.20000076293945,3736900.0,42.37771987915039
2009-05-21,57.70000076293945,56.02000045776367,57.45000076293945,56.54999923706055,4721600.0,41.176300048828125
2009-05-22,56.9900016784668,55.9900016784668,56.81999969482422,56.06999969482422,3773900.0,40.82677459716797
2009-05-26,58.08000183105469,55.34000015258789,55.95000076293945,57.90999984741211,4140000.0,42.16656494140625
2009-05-27,58.130001068115234,55.95000076293945,57.90999984741211,56.040000915527344,4904100.0,40.80493927001953
2009-05-28,56.880001068115234,55.22999954223633,56.2400016784668,56.54999923706055,3933300.0,41.176300048828125
2009-05-29,57.16999816894531,55.95000076293945,56.689998626708984,57.099998474121094,3782600.0,41.576759338378906
2009-06-01,59.869998931884766,57.900001525878906,57.900001525878906,59.290000915527344,6007300.0,43.1713981628418
2009-06-02,60.310001373291016,59.04999923706055,59.2400016784668,59.959999084472656,4231000.0,43.65924072265625
2009-06-03,59.959999084472656,58.7400016784668,59.560001373291016,59.5,3927800.0,43.32429885864258
2009-06-04,59.959999084472656,59.119998931884766,59.59000015258789,59.849998474121094,3282200.0,43.57915115356445
2009-06-05,61.290000915527344,60.040000915527344,60.599998474121094,60.939998626708984,6642100.0,44.372833251953125
2009-06-08,61.04999923706055,59.06999969482422,60.970001220703125,60.689998626708984,5144400.0,44.190792083740234
2009-06-09,60.599998474121094,59.75,60.599998474121094,60.34000015258789,4387400.0,43.935943603515625
2009-06-10,61.220001220703125,59.4900016784668,60.619998931884766,60.459999084472656,4433100.0,44.023311614990234
2009-06-11,61.459999084472656,60.5,60.56999969482422,60.58000183105469,3627300.0,44.110687255859375
2009-06-12,61.0,59.90999984741211,60.369998931884766,61.0,3229000.0,44.41651153564453
2009-06-15,60.400001525878906,58.709999084472656,60.400001525878906,59.310001373291016,4231600.0,43.185951232910156
2009-06-16,59.56999969482422,58.25,59.40999984741211,58.40999984741211,3791500.0,42.53062438964844
2009-06-17,59.439998626708984,58.59000015258789,58.59000015258789,59.040000915527344,3826100.0,42.98936080932617
2009-06-18,59.95000076293945,58.84000015258789,58.88999938964844,59.310001373291016,3194500.0,43.185951232910156
2009-06-19,60.189998626708984,58.93000030517578,59.47999954223633,59.369998931884766,5868100.0,43.229644775390625
2009-06-22,59.16999816894531,57.41999816894531,58.619998931884766,57.470001220703125,5272900.0,41.84617614746094
2009-06-23,57.7400016784668,56.61000061035156,57.7400016784668,57.060001373291016,4161200.0,41.547645568847656
2009-06-24,58.54999923706055,57.15999984741211,57.459999084472656,57.47999954223633,4447700.0,41.85346221923828
2009-06-25,59.060001373291016,57.099998474121094,57.349998474121094,58.900001525878906,3807900.0,42.887420654296875
2009-06-26,59.470001220703125,58.66999816894531,58.810001373291016,59.2599983215332,2988600.0,43.1495475769043
2009-06-29,60.06999969482422,58.79999923706055,59.36000061035156,59.959999084472656,3194300.0,43.65924072265625
2009-06-30,60.310001373291016,59.59000015258789,59.939998626708984,60.099998474121094,6597200.0,43.76116943359375
2009-07-01,61.290000915527344,60.09000015258789,60.310001373291016,60.7400016784668,3839900.0,44.22719192504883
2009-07-02,60.7400016784668,59.68000030517578,59.900001525878906,60.25,5582800.0,43.87039566040039
2009-07-06,60.779998779296875,59.630001068115234,59.869998931884766,60.66999816894531,5791600.0,44.17623519897461
2009-07-07,61.29999923706055,58.689998626708984,61.09000015258789,58.7599983215332,7289400.0,42.78547286987305
2009-07-08,59.25,57.810001373291016,58.869998931884766,59.02000045776367,6101500.0,42.97479248046875
2009-07-09,59.470001220703125,58.75,59.279998779296875,59.09000015258789,3164200.0,43.02576446533203
2009-07-10,59.91999816894531,58.68000030517578,58.68000030517578,59.790000915527344,3911400.0,43.53546142578125
2009-07-13,60.529998779296875,59.29999923706055,59.83000183105469,60.4900016784668,4041600.0,44.04514694213867
2009-07-14,61.0,60.0,60.470001220703125,60.630001068115234,3538200.0,44.14710998535156
2009-07-15,62.150001525878906,60.939998626708984,61.20000076293945,62.0,5023100.0,45.14464569091797
2009-07-16,63.540000915527344,61.81999969482422,61.90999984741211,63.400001525878906,4129000.0,46.16405487060547
2009-07-17,63.47999954223633,62.15999984741211,63.13999938964844,62.91999816894531,4580700.0,45.81453323364258
2009-07-20,63.95000076293945,63.08000183105469,63.619998931884766,63.84000015258789,3824900.0,46.48441696166992
2009-07-21,64.73999786376953,63.36000061035156,64.44000244140625,64.19999694824219,5030000.0,46.74654769897461
2009-07-22,64.88999938964844,64.05000305175781,64.26000213623047,64.66999816894531,4161900.0,47.088783264160156
2009-07-23,69.72000122070312,66.3499984741211,66.58000183105469,69.43000030517578,10778600.0,50.55472946166992
2009-07-24,69.9000015258789,68.36000061035156,69.4000015258789,69.41999816894531,6128100.0,50.547454833984375
2009-07-27,70.30000305175781,69.30000305175781,69.38999938964844,69.91000366210938,4158100.0,50.904232025146484
2009-07-28,70.19000244140625,69.26000213623047,69.6500015258789,69.87999725341797,4394600.0,50.88240051269531
2009-07-29,69.66999816894531,68.37999725341797,69.33000183105469,68.72000122070312,4666400.0,50.037742614746094
2009-07-30,70.63999938964844,69.18000030517578,69.7300033569336,69.9000015258789,4271800.0,50.896949768066406
2009-07-31,71.38999938964844,70.19000244140625,70.19000244140625,70.5199966430664,4484100.0,51.34839630126953
2009-08-03,72.5,71.25,71.80000305175781,72.13999938964844,5571300.0,52.527984619140625
2009-08-04,72.48999786376953,71.5,71.70999908447266,72.02999877929688,4795000.0,52.44788360595703
2009-08-05,72.75,71.2300033569336,72.3499984741211,71.83000183105469,4526400.0,52.3022575378418
2009-08-06,72.58999633789062,71.77999877929688,71.97000122070312,72.4000015258789,4297300.0,52.717308044433594
2009-08-07,73.5,72.31999969482422,72.68000030517578,72.9000015258789,4455200.0,53.08136749267578
2009-08-10,72.58999633789062,70.31999969482422,72.58999633789062,70.91000366210938,5923800.0,51.632381439208984
2009-08-11,71.52999877929688,70.33000183105469,70.83999633789062,71.33999633789062,4802100.0,51.94547653198242
2009-08-12,72.66999816894531,70.94000244140625,71.37999725341797,72.33000183105469,4806800.0,52.66632843017578
2009-08-13,72.91999816894531,72.02999877929688,72.27999877929688,72.5999984741211,4348700.0,52.8629264831543
2009-08-14,72.48999786376953,70.63999938964844,72.3499984741211,71.31999969482422,3597500.0,51.930908203125
2009-08-17,70.9800033569336,69.52999877929688,70.48999786376953,70.08000183105469,4417300.0,51.02800750732422
2009-08-18,70.58999633789062,69.9000015258789,70.38999938964844,70.3499984741211,3417700.0,51.224605560302734
2009-08-19,71.04000091552734,69.26000213623047,69.3499984741211,70.79000091552734,3907500.0,51.921390533447266
2009-08-20,71.36000061035156,70.5,70.77999877929688,71.2300033569336,2542800.0,52.2441291809082
2009-08-21,72.91000366210938,71.26000213623047,72.0,72.63999938964844,4324700.0,53.278289794921875
2009-08-24,73.0,72.01000213623047,72.73999786376953,72.55999755859375,2504500.0,53.21961975097656
2009-08-25,73.20999908447266,72.23999786376953,72.62000274658203,72.68000030517578,3442000.0,53.30763626098633
2009-08-26,72.73999786376953,71.2699966430664,72.69000244140625,71.41999816894531,4703500.0,52.38346481323242
2009-08-27,71.83999633789062,70.45999908447266,71.4800033569336,71.62999725341797,4076400.0,52.537513732910156
2009-08-28,72.1500015258789,70.9000015258789,71.9800033569336,71.91999816894531,3493400.0,52.750186920166016
2009-08-31,72.0999984741211,71.19999694824219,71.44999694824219,72.0999984741211,3349200.0,52.88223648071289
2009-09-01,72.79000091552734,69.93000030517578,71.80999755859375,70.12000274658203,5864000.0,51.42999267578125
2009-09-02,71.18000030517578,69.88999938964844,70.4800033569336,70.58000183105469,3259000.0,51.76737594604492
2009-09-03,71.11000061035156,70.13999938964844,70.73999786376953,71.0199966430664,3194700.0,52.090084075927734
2009-09-04,71.54000091552734,70.41999816894531,70.9800033569336,71.3499984741211,2251700.0,52.332149505615234
2009-09-08,72.30000305175781,71.41000366210938,71.69999694824219,71.69000244140625,3368600.0,52.58152770996094
2009-09-09,73.5,71.61000061035156,71.61000061035156,73.18000030517578,4771200.0,53.67436599731445
2009-09-10,74.38999938964844,72.51000213623047,73.05000305175781,74.38999938964844,4135200.0,54.56184387207031
2009-09-11,74.48999786376953,73.72000122070312,74.41000366210938,74.0,3331400.0,54.27578353881836
2009-09-14,74.63999938964844,73.41999816894531,73.72000122070312,74.55999755859375,3466400.0,54.68653106689453
2009-09-15,74.87999725341797,74.0,74.62999725341797,74.68000030517578,3566900.0,54.774539947509766
2009-09-16,75.48999786376953,74.5,74.76000213623047,75.37999725341797,2722500.0,55.28794860839844
2009-09-17,75.44999694824219,74.5,75.33999633789062,74.88999938964844,3371500.0,54.92856216430664
2009-09-18,75.25,74.5,75.12000274658203,74.62000274658203,4387900.0,54.73054504394531
2009-09-21,74.68000030517578,73.91000366210938,73.91000366210938,74.54000091552734,2560400.0,54.671875
2009-09-22,75.1500015258789,74.08999633789062,74.81999969482422,74.97000122070312,2209900.0,54.98722839355469
2009-09-23,76.0,74.30000305175781,75.12000274658203,74.41999816894531,3344400.0,54.58384323120117
2009-09-24,75.23999786376953,73.62999725341797,74.6500015258789,74.0999984741211,3109500.0,54.3491325378418
2009-09-25,74.38999938964844,73.37000274658203,74.04000091552734,73.80000305175781,3470700.0,54.12910842895508
2009-09-28,75.41000366210938,73.93000030517578,73.93000030517578,75.01000213623047,2390400.0,55.0165901184082
2009-09-29,75.25,73.86000061035156,74.77999877929688,73.94000244140625,3200500.0,54.231781005859375
2009-09-30,74.98999786376953,72.7699966430664,74.05999755859375,73.80000305175781,4561800.0,54.12910842895508
2009-10-01,73.87000274658203,72.4000015258789,73.55999755859375,72.55000305175781,4362700.0,53.212284088134766
2009-10-02,72.3499984741211,71.62000274658203,71.80999755859375,71.93000030517578,3242900.0,52.75752639770508
2009-10-05,73.4000015258789,71.9000015258789,71.94000244140625,73.0199966430664,2636000.0,53.557010650634766
2009-10-06,74.75,73.31999969482422,73.45999908447266,73.93000030517578,2730700.0,54.22444534301758
2009-10-07,73.8499984741211,72.7300033569336,73.54000091552734,73.13999938964844,3167600.0,53.64501953125
2009-10-08,74.94999694824219,73.37999725341797,73.37999725341797,74.52999877929688,3298900.0,54.664527893066406
2009-10-09,74.7300033569336,73.98999786376953,74.45999908447266,74.7300033569336,2803800.0,54.81120681762695
2009-10-12,75.55999755859375,74.47000122070312,74.8499984741211,74.87999725341797,2405400.0,54.92121505737305
2009-10-13,75.20999908447266,74.19999694824219,74.80000305175781,74.6500015258789,2460100.0,54.75252914428711
2009-10-14,76.93000030517578,75.06999969482422,75.3499984741211,76.56999969482422,4121900.0,56.1607666015625
2009-10-15,77.2300033569336,76.19999694824219,76.19999694824219,76.7699966430664,3693700.0,56.307472229003906
2009-10-16,77.0,75.44999694824219,76.0199966430664,76.0199966430664,3332000.0,55.75737380981445
2009-10-19,77.08000183105469,75.81999969482422,76.2699966430664,76.31999969482422,3066700.0,55.977420806884766
2009-10-20,76.7300033569336,75.5999984741211,76.26000213623047,75.94999694824219,3508100.0,55.70602035522461
2009-10-21,77.37999725341797,75.7300033569336,75.7300033569336,76.33000183105469,3540500.0,55.98476028442383
2009-10-22,79.25,77.12000274658203,78.0,78.79000091552734,7186800.0,57.789039611816406
2009-10-23,78.76000213623047,76.80999755859375,78.41999816894531,77.81999969482422,5455500.0,57.07761001586914
2009-10-26,78.61000061035156,76.16000366210938,77.66000366210938,76.81999969482422,3881300.0,56.34412384033203
2009-10-27,77.26000213623047,75.81999969482422,76.98999786376953,76.0,4502500.0,55.74270248413086
2009-10-28,76.30000305175781,74.27999877929688,76.05000305175781,74.45999908447266,4401600.0,54.61317443847656
2009-10-29,75.97000122070312,74.63999938964844,74.68000030517578,75.4800033569336,4203100.0,55.36132049560547
2009-10-30,75.72000122070312,73.13999938964844,75.0999984741211,73.56999969482422,4526200.0,53.96041488647461
2009-11-02,74.94000244140625,73.3499984741211,73.86000061035156,74.27999877929688,3931700.0,54.48115158081055
2009-11-03,74.62999725341797,73.63999938964844,74.01000213623047,74.05999755859375,3479200.0,54.3198127746582
2009-11-04,75.27999877929688,73.9000015258789,74.68000030517578,74.06999969482422,4076200.0,54.32712936401367
2009-11-05,75.69000244140625,74.45999908447266,74.5,75.45999908447266,3097600.0,55.34663772583008
2009-11-06,75.80999755859375,74.68000030517578,74.87000274658203,75.41000366210938,1865200.0,55.30998611450195
2009-11-09,77.27999877929688,75.5,75.93000030517578,77.19999694824219,3950800.0,56.62285614013672
2009-11-10,78.27999877929688,77.04000091552734,77.04000091552734,77.98999786376953,3503800.0,57.202274322509766
2009-11-11,79.0,77.70999908447266,78.08999633789062,77.95999908447266,2876400.0,57.180267333984375
2009-11-12,78.16999816894531,76.94999694824219,77.91000366210938,77.20999908447266,2451700.0,56.63019561767578
2009-11-13,77.87999725341797,76.72000122070312,77.22000122070312,77.31999969482422,2423500.0,56.710872650146484
2009-11-16,78.29000091552734,77.43000030517578,77.55000305175781,78.0199966430664,2994500.0,57.22428512573242
2009-11-17,78.79000091552734,77.88999938964844,77.88999938964844,78.77999877929688,3094600.0,57.7817268371582
2009-11-18,78.12999725341797,77.33000183105469,78.05999755859375,77.80000305175781,2540500.0,57.43475341796875
2009-11-19,77.63999938964844,76.22000122070312,77.45999908447266,77.25,2527900.0,57.028724670410156
2009-11-20,77.22000122070312,76.25,77.12000274658203,76.63999938964844,3027500.0,56.57838821411133
2009-11-23,78.06999969482422,76.94999694824219,77.1500015258789,77.7300033569336,3397500.0,57.38307571411133
2009-11-24,77.87000274658203,76.97000122070312,77.52999877929688,77.61000061035156,2776600.0,57.29448699951172
2009-11-25,78.01000213623047,77.48999786376953,77.87000274658203,77.91000366210938,1939200.0,57.51593780517578
2009-11-27,77.2300033569336,76.12000274658203,76.12000274658203,76.75,1865900.0,56.65959548950195
2009-11-30,77.81999969482422,76.47000122070312,76.88999938964844,77.44000244140625,3930100.0,57.168968200683594
2009-12-01,79.0,77.83999633789062,77.8499984741211,78.62999725341797,3058400.0,58.0474739074707
2009-12-02,79.13999938964844,77.91000366210938,78.41999816894531,78.41000366210938,2977300.0,57.88508224487305
2009-12-03,78.66000366210938,76.9800033569336,78.4000015258789,77.1500015258789,2992800.0,56.95490646362305
2009-12-04,78.5999984741211,77.37000274658203,77.58000183105469,78.23999786376953,4376000.0,57.75957489013672
2009-12-07,78.86000061035156,77.6500015258789,77.91000366210938,77.91000366210938,3056100.0,57.51593780517578
2009-12-08,77.43000030517578,76.0,76.3499984741211,77.11000061035156,5046700.0,56.92536544799805
2009-12-09,79.93000030517578,78.05000305175781,78.25,79.73999786376953,6599400.0,58.86692428588867
2009-12-10,80.76000213623047,79.72000122070312,79.95999908447266,80.68000030517578,5050900.0,59.560855865478516
2009-12-11,81.80999755859375,80.44999694824219,80.58000183105469,81.75,4788800.0,60.350772857666016
2009-12-14,82.16999816894531,81.63999938964844,82.01000213623047,81.91000366210938,4999400.0,60.468875885009766
2009-12-15,82.93000030517578,81.54000091552734,82.0999984741211,82.69999694824219,4633000.0,61.05210876464844
2009-12-16,83.0199966430664,81.5199966430664,82.5199966430664,81.72000122070312,3979200.0,60.32862091064453
2009-12-17,81.4800033569336,80.33999633789062,81.38999938964844,80.47000122070312,3841700.0,59.40583801269531
2009-12-18,81.3499984741211,80.55000305175781,80.80000305175781,80.97000122070312,6667700.0,59.77497482299805
2009-12-21,82.22000122070312,80.93000030517578,81.02999877929688,81.43000030517578,2761300.0,60.11454391479492
2009-12-22,82.30999755859375,81.54000091552734,81.8499984741211,81.95999908447266,1844100.0,60.505802154541016
2009-12-23,82.31999969482422,81.4000015258789,81.95999908447266,82.19000244140625,1900200.0,60.67560958862305
2009-12-24,83.0,82.30999755859375,82.30999755859375,82.55000305175781,931200.0,60.94137191772461
2009-12-28,83.58999633789062,82.66999816894531,82.77999877929688,83.44999694824219,2353800.0,61.605751037597656
2009-12-29,84.31999969482422,83.6500015258789,83.77999877929688,84.12999725341797,3865900.0,62.10779571533203
2009-12-30,84.30000305175781,83.66000366210938,84.0,83.9000015258789,2595000.0,61.93798828125
2009-12-31,84.08000183105469,82.54000091552734,83.79000091552734,82.66999816894531,2049800.0,61.02995681762695
2010-01-04,83.44999694824219,82.66999816894531,83.08999633789062,83.0199966430664,3043700.0,61.28833770751953
2010-01-05,83.2300033569336,81.69999694824219,82.80000305175781,82.5,2847000.0,60.904441833496094
2010-01-06,84.5999984741211,83.51000213623047,83.87999725341797,83.66999816894531,5268500.0,61.768192291259766
2010-01-07,83.76000213623047,82.12000274658203,83.31999969482422,83.7300033569336,4470100.0,61.81248092651367
2010-01-08,84.31999969482422,83.30000305175781,83.69000244140625,84.31999969482422,3405800.0,62.24803924560547
2010-01-11,84.5999984741211,83.41000366210938,84.37999725341797,83.9800033569336,2927100.0,61.99703598022461
2010-01-12,84.18000030517578,83.30000305175781,83.58000183105469,84.05000305175781,3031800.0,62.048702239990234
2010-01-13,84.11000061035156,83.19999694824219,84.11000061035156,83.77999877929688,3102000.0,61.84938049316406
2010-01-14,83.93000030517578,83.41999816894531,83.73999786376953,83.5,2634100.0,61.64269256591797
2010-01-15,84.08999633789062,82.87000274658203,83.5199966430664,83.37000274658203,3955000.0,61.54670715332031
2010-01-19,85.16999816894531,83.5,83.81999969482422,85.12000274658203,4500400.0,62.83864212036133
2010-01-20,85.12999725341797,83.58999633789062,84.83000183105469,84.72000122070312,3671200.0,62.54335403442383
2010-01-21,84.5999984741211,82.56999969482422,84.5999984741211,82.69999694824219,4783200.0,61.05210876464844
2010-01-22,82.83000183105469,81.30000305175781,82.4000015258789,81.4800033569336,4809000.0,60.15147018432617
2010-01-25,82.88999938964844,81.4800033569336,82.33000183105469,81.83000183105469,3386600.0,60.40984344482422
2010-01-26,82.7300033569336,81.04000091552734,81.45999908447266,81.62999725341797,3138000.0,60.262184143066406
2010-01-27,82.83999633789062,81.01000213623047,81.33000183105469,82.30000305175781,5066900.0,60.756797790527344
2010-01-28,82.63999938964844,79.11000061035156,82.62000274658203,80.75,6820700.0,59.612525939941406
2010-01-29,81.87999725341797,80.18000030517578,81.3499984741211,80.48999786376953,4347000.0,59.420589447021484
2010-02-01,80.88999938964844,79.94000244140625,80.83999633789062,80.44000244140625,3632700.0,59.38368606567383
2010-02-02,80.94000244140625,79.69999694824219,80.69999694824219,80.43000030517578,4690000.0,59.37632751464844
2010-02-03,81.68000030517578,79.83000183105469,79.83000183105469,81.5,3401300.0,60.166229248046875
2010-02-04,81.12999725341797,78.83000183105469,81.12999725341797,79.20999908447266,5312600.0,58.47566604614258
2010-02-05,79.5,77.26000213623047,79.16000366210938,78.54000091552734,5408000.0,57.981048583984375
2010-02-08,78.4800033569336,77.25,78.4800033569336,77.52999877929688,4407300.0,57.23542785644531
2010-02-09,79.41000366210938,77.9000015258789,78.27999877929688,78.72000122070312,4252500.0,58.11394119262695
2010-02-10,79.29000091552734,78.0,78.80000305175781,78.62000274658203,2445200.0,58.040103912353516
2010-02-11,80.38999938964844,78.83999633789062,79.22000122070312,80.2699966430664,5524500.0,59.2581901550293
2010-02-12,79.2300033569336,78.06999969482422,79.13999938964844,79.18000030517578,5443000.0,58.4534912109375
2010-02-16,80.63999938964844,79.33999633789062,80.08000183105469,80.47000122070312,3619100.0,59.40583801269531
2010-02-17,80.69000244140625,79.73999786376953,80.41999816894531,80.13999938964844,3095200.0,59.55072784423828
2010-02-18,81.18000030517578,80.05999755859375,80.05999755859375,81.11000061035156,2702400.0,60.271514892578125
2010-02-19,81.73999786376953,80.61000061035156,81.13999938964844,81.5199966430664,3217900.0,60.57619857788086
2010-02-22,81.76000213623047,80.55000305175781,81.70999908447266,80.68000030517578,3025400.0,59.952003479003906
2010-02-23,81.08999633789062,79.66999816894531,80.41000366210938,79.70999908447266,3981900.0,59.231197357177734
2010-02-24,80.5999984741211,79.5,80.0,80.06999969482422,3530700.0,59.49872589111328
2010-02-25,79.7699966430664,78.63999938964844,79.16000366210938,79.73999786376953,4106300.0,59.253501892089844
2010-02-26,80.33000183105469,79.0999984741211,79.73999786376953,80.1500015258789,3224400.0,59.55815124511719
2010-03-01,80.94999694824219,80.3499984741211,80.56999969482422,80.58000183105469,2545100.0,59.877708435058594
2010-03-02,81.37999725341797,80.58000183105469,80.73999786376953,81.12999725341797,3365600.0,60.286407470703125
2010-03-03,81.68000030517578,80.86000061035156,81.16000366210938,81.0,2852300.0,60.18977355957031
2010-03-04,81.36000061035156,80.56999969482422,81.20999908447266,81.0199966430664,2620300.0,60.20463943481445
2010-03-05,82.5,81.2300033569336,81.3499984741211,82.44000244140625,3142600.0,61.259830474853516
2010-03-08,82.52999877929688,81.2300033569336,82.41999816894531,81.30999755859375,3627900.0,60.420127868652344
2010-03-09,82.12999725341797,80.73999786376953,81.1500015258789,81.98999786376953,4249800.0,60.9254150390625
2010-03-10,82.05999755859375,81.25,81.91999816894531,81.55999755859375,3584600.0,60.60593032836914
2010-03-11,81.54000091552734,80.51000213623047,81.26000213623047,81.26000213623047,4048100.0,60.38300704956055
2010-03-12,81.66999816894531,80.91999816894531,81.56999969482422,81.37999725341797,2945900.0,60.47215270996094
2010-03-15,81.66000366210938,80.77999877929688,81.16000366210938,81.26000213623047,2622300.0,60.38300704956055
2010-03-16,81.66000366210938,80.52999877929688,81.26000213623047,81.66000366210938,4242200.0,60.68022918701172
2010-03-17,82.41000366210938,81.6500015258789,81.93000030517578,82.18000030517578,3989700.0,61.06663131713867
2010-03-18,83.75,82.0,82.30000305175781,83.66999816894531,4939500.0,62.17380142211914
2010-03-19,84.0,81.51000213623047,81.95999908447266,81.95999908447266,6876200.0,60.90313720703125
2010-03-22,82.19999694824219,81.5,81.5,81.83999633789062,3256700.0,60.814002990722656
2010-03-23,82.41000366210938,81.16000366210938,82.0999984741211,82.3499984741211,4153100.0,61.19295883178711
2010-03-24,82.30000305175781,81.43000030517578,81.86000061035156,81.61000061035156,3102500.0,60.643096923828125
2010-03-25,82.25,80.83999633789062,82.01000213623047,80.93000030517578,4942500.0,60.13776779174805
2010-03-26,81.36000061035156,80.75,81.0999984741211,81.0,3815300.0,60.18977355957031
2010-03-29,81.69000244140625,81.02999877929688,81.23999786376953,81.36000061035156,3102600.0,60.457298278808594
2010-03-30,84.5,82.23999786376953,82.36000061035156,84.27999877929688,8704600.0,62.627098083496094
2010-03-31,84.45999908447266,83.3499984741211,84.05000305175781,83.56999969482422,4336700.0,62.09950637817383
2010-04-01,84.2300033569336,83.4000015258789,83.87000274658203,83.8499984741211,2965800.0,62.307594299316406
2010-04-05,84.4800033569336,83.58000183105469,84.22000122070312,84.19000244140625,2600800.0,62.56020736694336
2010-04-06,84.47000122070312,83.55000305175781,83.9000015258789,84.3499984741211,3208500.0,62.679107666015625
2010-04-07,84.62999725341797,83.19999694824219,84.11000061035156,83.66000366210938,4463500.0,62.166385650634766
2010-04-08,83.5999984741211,82.7699966430664,83.41000366210938,82.94999694824219,3757700.0,61.63881301879883
2010-04-09,83.66999816894531,82.79000091552734,82.97000122070312,83.48999786376953,2883900.0,62.040042877197266
2010-04-12,83.76000213623047,83.08999633789062,83.76000213623047,83.27999877929688,2626100.0,61.884029388427734
2010-04-13,84.23999786376953,82.69000244140625,83.04000091552734,83.94000244140625,4256000.0,62.37445831298828
2010-04-14,84.47000122070312,83.4800033569336,83.91000366210938,84.38999938964844,3632100.0,62.708824157714844
2010-04-15,85.0,83.93000030517578,84.13999938964844,85.0,4535500.0,63.16212844848633
2010-04-16,84.94999694824219,83.19999694824219,84.69999694824219,83.76000213623047,5342300.0,62.2407112121582
2010-04-19,84.12999725341797,83.13999938964844,83.61000061035156,83.9000015258789,3554200.0,62.3447380065918
2010-04-20,85.8499984741211,84.31999969482422,84.41000366210938,85.2699966430664,5735000.0,63.362770080566406
2010-04-21,85.8499984741211,85.06999969482422,85.44000244140625,85.69999694824219,4522900.0,63.682289123535156
2010-04-22,86.13999938964844,84.47000122070312,85.0999984741211,86.05000305175781,4627700.0,63.942352294921875
2010-04-23,87.08999633789062,85.93000030517578,86.18000030517578,86.58000183105469,3990600.0,64.33616638183594
2010-04-26,87.79000091552734,86.73999786376953,86.81999969482422,87.44000244140625,6288900.0,64.97525787353516
2010-04-27,90.25,87.7699966430664,89.91999816894531,87.97000122070312,11138700.0,65.36908721923828
2010-04-28,89.08000183105469,87.6500015258789,88.88999938964844,88.23999786376953,5730600.0,65.5697250366211
2010-04-29,90.0,88.63999938964844,88.94000244140625,89.33000183105469,5284200.0,66.37967681884766
2010-04-30,89.69999694824219,88.4000015258789,88.69999694824219,88.66999816894531,5262000.0,65.88924407958984
2010-05-03,90.0,88.62000274658203,89.19000244140625,89.80999755859375,4647400.0,66.73636627197266
2010-05-04,89.22000122070312,87.01000213623047,89.22000122070312,87.68000030517578,5456400.0,65.1535873413086
2010-05-05,87.22000122070312,86.08000183105469,87.04000091552734,86.58999633789062,4880000.0,64.3436279296875
2010-05-06,90.5199966430664,68.95999908447266,86.05999755859375,84.23999786376953,9156000.0,62.59737777709961
2010-05-07,84.30999755859375,81.26000213623047,83.66000366210938,82.62999725341797,8368800.0,61.4010009765625
2010-05-10,87.04000091552734,84.9000015258789,85.5999984741211,85.97000122070312,6271600.0,63.88291549682617
2010-05-11,85.97000122070312,84.87000274658203,85.18000030517578,85.04000091552734,4760800.0,63.19187927246094
2010-05-12,86.62000274658203,85.20999908447266,85.38999938964844,86.44000244140625,3431000.0,64.23217010498047
2010-05-13,87.0,85.41999816894531,86.05999755859375,85.58999633789062,3314300.0,63.60055160522461
2010-05-14,85.55000305175781,83.94999694824219,85.05999755859375,84.68000030517578,4138400.0,62.92433547973633
2010-05-17,85.13999938964844,83.0199966430664,84.87999725341797,84.68000030517578,3191700.0,62.92433547973633
2010-05-18,86.19999694824219,83.8499984741211,85.08999633789062,84.0199966430664,5219900.0,62.43388366699219
2010-05-19,83.33999633789062,81.94999694824219,83.33999633789062,82.54000091552734,6405200.0,61.71978759765625
2010-05-20,81.47000122070312,79.5,81.16999816894531,79.58000183105469,8752700.0,59.506446838378906
2010-05-21,80.7699966430664,78.13999938964844,78.41999816894531,80.69999694824219,6489700.0,60.34391403198242
2010-05-24,80.73999786376953,79.44000244140625,80.7300033569336,79.58999633789062,3625900.0,59.513919830322266
2010-05-25,79.55000305175781,77.30999755859375,78.69999694824219,79.47000122070312,5705200.0,59.424190521240234
2010-05-26,80.69000244140625,79.02999877929688,80.0,79.16999816894531,4720900.0,59.199867248535156
2010-05-27,81.52999877929688,80.04000091552734,80.41000366210938,81.43000030517578,4554900.0,60.88979721069336
2010-05-28,81.69000244140625,78.76000213623047,81.52999877929688,79.30999755859375,6482800.0,59.304534912109375
2010-06-01,79.87000274658203,77.97000122070312,78.72000122070312,78.06999969482422,4340200.0,58.3773307800293
2010-06-02,78.88999938964844,77.51000213623047,78.5999984741211,78.73999786376953,5773600.0,58.878318786621094
2010-06-03,79.76000213623047,77.66000366210938,79.29000091552734,78.33999633789062,7880900.0,58.57920455932617
2010-06-04,77.29000091552734,75.80000305175781,77.29000091552734,76.0999984741211,8152800.0,56.904258728027344
2010-06-07,76.86000061035156,74.69000244140625,76.16000366210938,74.73999786376953,5947800.0,55.88730239868164
2010-06-08,75.1500015258789,72.72000122070312,74.73999786376953,74.91999816894531,7229500.0,56.021881103515625
2010-06-09,76.0999984741211,74.5,75.47000122070312,74.79000091552734,4803100.0,55.92469024658203
2010-06-10,77.58999633789062,75.62000274658203,75.77999877929688,77.43000030517578,6204500.0,57.898773193359375
2010-06-11,78.38999938964844,76.62000274658203,76.66000366210938,78.30000305175781,4627700.0,58.54929733276367
2010-06-14,79.33000183105469,78.05999755859375,78.98999786376953,78.13999938964844,3612000.0,58.429656982421875
2010-06-15,79.86000061035156,78.73999786376953,79.08999633789062,79.7699966430664,3233200.0,59.64850616455078
2010-06-16,81.0,78.98999786376953,79.27999877929688,80.87999725341797,5359800.0,60.478511810302734
2010-06-17,81.37000274658203,79.9000015258789,81.33999633789062,81.02999877929688,3976400.0,60.59069061279297
2010-06-18,81.37999725341797,80.37999725341797,80.83999633789062,81.18000030517578,5255800.0,60.70283508300781
2010-06-21,83.0,81.06999969482422,81.95999908447266,81.47000122070312,4064000.0,60.91970443725586
2010-06-22,81.87000274658203,79.87999725341797,81.70999908447266,80.02999877929688,3116800.0,59.84292221069336
2010-06-23,80.63999938964844,79.44999694824219,80.2300033569336,80.12000274658203,3567100.0,59.91022491455078
2010-06-24,79.83999633789062,77.87000274658203,79.80999755859375,78.18000030517578,4340100.0,58.45958709716797
2010-06-25,79.08999633789062,77.87999725341797,78.52999877929688,78.9000015258789,4339900.0,58.99795913696289
2010-06-28,79.7300033569336,78.29000091552734,78.94999694824219,78.9800033569336,3094000.0,59.05778503417969
2010-06-29,79.04000091552734,76.8499984741211,78.72000122070312,78.48999786376953,8545400.0,58.691383361816406
2010-06-30,80.22000122070312,78.20999908447266,78.20999908447266,78.98999786376953,6942900.0,59.06524658203125
2010-07-01,79.37999725341797,77.83000183105469,79.05999755859375,78.55000305175781,6811700.0,58.73625183105469
2010-07-02,79.0,77.04000091552734,78.80000305175781,77.66999816894531,3776900.0,58.07822799682617
2010-07-06,79.37999725341797,77.5,78.44999694824219,78.13999938964844,4012500.0,58.429656982421875
2010-07-07,80.58000183105469,77.93000030517578,78.44000244140625,80.5199966430664,4957900.0,60.20931625366211
2010-07-08,81.58999633789062,80.08999633789062,81.12000274658203,81.22000122070312,3975800.0,60.732765197753906
2010-07-09,82.25,81.11000061035156,81.11000061035156,82.16000366210938,2817400.0,61.43564224243164
2010-07-12,82.26000213623047,81.36000061035156,81.87000274658203,82.26000213623047,3206600.0,61.510433197021484
2010-07-13,84.56999969482422,82.83999633789062,82.83999633789062,83.55000305175781,5137400.0,62.47504806518555
2010-07-14,83.68000030517578,82.48999786376953,83.12999725341797,83.05000305175781,3114300.0,62.101165771484375
2010-07-15,83.16999816894531,81.52999877929688,83.16999816894531,83.05999755859375,4642000.0,62.10863494873047
2010-07-16,82.7699966430664,80.69999694824219,82.70999908447266,80.94999694824219,4302500.0,60.5308723449707
2010-07-19,81.55000305175781,80.08000183105469,81.4800033569336,81.22000122070312,3054200.0,60.732765197753906
2010-07-20,82.33999633789062,80.01000213623047,80.4800033569336,82.19000244140625,3050800.0,61.45808029174805
2010-07-21,83.11000061035156,81.33999633789062,82.63999938964844,82.30000305175781,4992700.0,61.540313720703125
2010-07-22,85.13999938964844,83.8499984741211,84.7300033569336,84.75,7153200.0,63.37234115600586
2010-07-23,86.2699966430664,84.3499984741211,84.69999694824219,86.16999816894531,4559100.0,64.43415832519531
2010-07-26,87.47000122070312,85.88999938964844,86.5,87.31999969482422,4834500.0,65.29409790039062
2010-07-27,87.38999938964844,86.33000183105469,87.16000366210938,86.80000305175781,4243800.0,64.90523529052734
2010-07-28,87.0,86.22000122070312,86.44000244140625,86.69000244140625,2824600.0,64.82298278808594
2010-07-29,87.4800033569336,85.72000122070312,87.05000305175781,86.33999633789062,3344200.0,64.56126403808594
2010-07-30,86.3499984741211,84.86000061035156,85.5,85.54000091552734,4744600.0,63.96305847167969
2010-08-02,87.77999877929688,86.72000122070312,86.80000305175781,87.41000366210938,3639000.0,65.36138916015625
2010-08-03,87.55000305175781,86.68000030517578,86.9800033569336,87.20999908447266,2855500.0,65.21179962158203
2010-08-04,88.06999969482422,87.2300033569336,87.30000305175781,88.0,2222600.0,65.80254364013672
2010-08-05,87.91999816894531,86.97000122070312,87.30999755859375,87.72000122070312,2523600.0,65.59317779541016
2010-08-06,87.54000091552734,86.0199966430664,86.80999755859375,87.29000091552734,2701300.0,65.27163696289062
2010-08-09,88.37999725341797,87.41000366210938,87.7300033569336,88.02999877929688,3187400.0,65.82498168945312
2010-08-10,87.77999877929688,85.8499984741211,87.41000366210938,87.11000061035156,3641400.0,65.13705444335938
2010-08-11,85.98999786376953,83.52999877929688,85.9000015258789,84.0999984741211,4505600.0,62.88630676269531
2010-08-12,84.62999725341797,83.16000366210938,83.30000305175781,84.01000213623047,3435300.0,62.81898498535156
2010-08-13,84.44999694824219,83.73999786376953,83.9000015258789,84.01000213623047,2079100.0,62.81898498535156
2010-08-16,83.95999908447266,82.33000183105469,83.33000183105469,83.43000030517578,2358400.0,62.385292053222656
2010-08-17,84.88999938964844,82.66999816894531,82.94000244140625,84.08999633789062,4374600.0,62.878807067871094
2010-08-18,84.0,82.41000366210938,83.77999877929688,83.61000061035156,3198900.0,62.91267013549805
2010-08-19,83.44000244140625,81.19000244140625,83.33000183105469,81.80999755859375,3959300.0,61.55825424194336
2010-08-20,81.44000244140625,80.11000061035156,81.0,80.66000366210938,4355400.0,60.69292068481445
2010-08-23,82.30000305175781,80.9000015258789,81.01000213623047,81.08000183105469,3243400.0,61.008968353271484
2010-08-24,81.0,79.47000122070312,80.19999694824219,80.44999694824219,4475900.0,60.53491973876953
2010-08-25,81.0999984741211,79.47000122070312,80.01000213623047,80.75,3577100.0,60.760658264160156
2010-08-26,81.33000183105469,79.5,81.26000213623047,79.77999877929688,3577000.0,60.03076934814453
2010-08-27,81.08999633789062,79.19999694824219,80.12000274658203,81.0,3445900.0,60.94876480102539
2010-08-30,80.68000030517578,79.58000183105469,80.55999755859375,79.6500015258789,2408400.0,59.932960510253906
2010-08-31,80.19999694824219,78.4000015258789,79.55999755859375,78.55000305175781,4956000.0,59.105262756347656
2010-09-01,81.0999984741211,79.29000091552734,79.51000213623047,81.01000213623047,4507000.0,60.95628356933594
2010-09-02,81.88999938964844,80.83000183105469,81.44000244140625,81.87000274658203,2477800.0,61.60341262817383
2010-09-03,83.70999908447266,82.55999755859375,82.58000183105469,83.4800033569336,2939700.0,62.81483840942383
2010-09-07,83.37999725341797,82.0199966430664,83.2300033569336,82.13999938964844,3099200.0,61.80656814575195
2010-09-08,83.70999908447266,82.20999908447266,82.20999908447266,82.75,2787000.0,62.265560150146484
2010-09-09,84.08000183105469,82.4800033569336,83.91999816894531,82.95999908447266,2471700.0,62.42356872558594
2010-09-10,84.06999969482422,82.6500015258789,82.87000274658203,83.94000244140625,2166300.0,63.1609992980957
2010-09-13,84.97000122070312,84.20999908447266,84.55999755859375,84.86000061035156,2863500.0,63.853233337402344
2010-09-14,85.0,84.0199966430664,84.68000030517578,84.62999725341797,3319500.0,63.680198669433594
2010-09-15,84.75,83.62000274658203,84.47000122070312,84.58000183105469,2175900.0,63.642578125
2010-09-16,85.0,83.94000244140625,84.0199966430664,84.94999694824219,2431800.0,63.92094421386719
2010-09-17,86.16999816894531,85.08999633789062,85.33999633789062,86.06999969482422,5967100.0,64.76371002197266
2010-09-20,87.62999725341797,86.05999755859375,86.26000213623047,87.41000366210938,3657900.0,65.77202606201172
2010-09-21,87.62000274658203,86.05999755859375,86.6500015258789,86.55000305175781,3680200.0,65.12490844726562
2010-09-22,87.16000366210938,86.12999725341797,86.56999969482422,86.62999725341797,2473000.0,65.18507385253906
2010-09-23,86.75,85.3499984741211,85.86000061035156,85.52999877929688,1994000.0,64.35737609863281
2010-09-24,87.47000122070312,85.79000091552734,86.41000366210938,86.95999908447266,3420400.0,65.43339538574219
2010-09-27,87.11000061035156,86.06999969482422,86.86000061035156,86.19000244140625,2494700.0,64.85401916503906
2010-09-28,87.31999969482422,85.44000244140625,86.6500015258789,87.04000091552734,2582600.0,65.49358367919922
2010-09-29,87.6500015258789,86.31999969482422,86.66000366210938,87.16999816894531,2915700.0,65.59140014648438
2010-09-30,88.0,86.20999908447266,87.77999877929688,86.70999908447266,3634700.0,65.24528503417969
2010-10-01,87.88999938964844,86.9000015258789,87.37999725341797,87.62000274658203,3200900.0,65.9300308227539
2010-10-04,87.7300033569336,86.11000061035156,87.29000091552734,86.69999694824219,2286300.0,65.23776245117188
2010-10-05,89.0,87.30999755859375,87.30999755859375,88.86000061035156,4612200.0,66.86306762695312
2010-10-06,89.9000015258789,88.66000366210938,88.66000366210938,89.88999938964844,4137400.0,67.63805389404297
2010-10-07,89.91999816894531,88.44000244140625,89.86000061035156,88.9000015258789,3321900.0,66.89315795898438
2010-10-08,89.81999969482422,88.43000030517578,89.81999969482422,89.16000366210938,2264400.0,67.08879852294922
2010-10-11,89.5,87.97000122070312,89.4800033569336,88.25,2605900.0,66.40406036376953
2010-10-12,88.54000091552734,86.77999877929688,87.91999816894531,88.1500015258789,2501400.0,66.32881164550781
2010-10-13,89.7300033569336,88.12999725341797,88.12999725341797,89.13999938964844,3179900.0,67.0737533569336
2010-10-14,89.26000213623047,88.36000061035156,89.1500015258789,89.06999969482422,2313700.0,67.02108001708984
2010-10-15,89.88999938964844,88.37000274658203,89.75,89.13999938964844,3097100.0,67.0737533569336
2010-10-18,89.91999816894531,88.69000244140625,89.08999633789062,89.66000366210938,2692000.0,67.46501159667969
2010-10-19,88.95999908447266,87.51000213623047,88.75,88.55000305175781,3888100.0,66.62982177734375
2010-10-20,89.94999694824219,88.5999984741211,88.7300033569336,89.47000122070312,2819400.0,67.32207489013672
2010-10-21,90.9000015258789,89.72000122070312,89.87000274658203,90.55000305175781,5633800.0,68.13472747802734
2010-10-22,90.62999725341797,90.0199966430664,90.44999694824219,90.44000244140625,2310800.0,68.05194091796875
2010-10-25,91.48999786376953,90.62999725341797,90.62999725341797,90.9000015258789,3192900.0,68.3980484008789
2010-10-26,90.9800033569336,90.13999938964844,90.68000030517578,90.47000122070312,2268200.0,68.07452392578125
2010-10-27,90.52999877929688,88.55999755859375,89.98999786376953,90.37000274658203,3398500.0,67.999267578125
2010-10-28,88.0,83.80000305175781,87.81999969482422,85.06999969482422,16228100.0,64.01126098632812
2010-10-29,85.20999908447266,84.06999969482422,85.01000213623047,84.22000122070312,6085200.0,63.37166976928711
2010-11-01,85.29000091552734,83.41999816894531,84.56999969482422,83.9800033569336,4467200.0,63.19105911254883
2010-11-02,85.05000305175781,84.31999969482422,84.80999755859375,84.80000305175781,3815200.0,63.808082580566406
2010-11-03,85.58000183105469,83.30000305175781,85.1500015258789,85.30000305175781,4081700.0,64.18431854248047
2010-11-04,87.87000274658203,86.0999984741211,86.29000091552734,87.04000091552734,6606100.0,65.49358367919922
2010-11-05,87.48999786376953,86.0,87.45999908447266,86.33999633789062,3724300.0,64.96685028076172
2010-11-08,86.5999984741211,85.55000305175781,85.80000305175781,85.86000061035156,5515100.0,64.60568237304688
2010-11-09,86.33999633789062,84.94999694824219,86.33000183105469,85.30000305175781,4920500.0,64.18431854248047
2010-11-10,86.48999786376953,85.29000091552734,85.30000305175781,86.25,3999000.0,64.89915466308594
2010-11-11,86.55999755859375,85.22000122070312,85.72000122070312,86.5,5850800.0,65.08726501464844
2010-11-12,87.16999816894531,85.62999725341797,86.0199966430664,86.23999786376953,4123700.0,64.89163208007812
2010-11-15,86.77999877929688,86.13999938964844,86.69000244140625,86.19999694824219,3131100.0,64.86153411865234
2010-11-16,85.77999877929688,83.97000122070312,85.70999908447266,84.23999786376953,5699800.0,63.386722564697266
2010-11-17,84.5199966430664,83.5199966430664,84.08000183105469,83.94999694824219,3130600.0,63.56464767456055
2010-11-18,85.75,84.55999755859375,84.83999633789062,85.55000305175781,3576400.0,64.77615356445312
2010-11-19,85.55000305175781,84.72000122070312,85.52999877929688,85.01000213623047,3221300.0,64.36727142333984
2010-11-22,85.05999755859375,83.97000122070312,84.66000366210938,84.9000015258789,2976300.0,64.28396606445312
2010-11-23,84.54000091552734,83.13999938964844,83.91000366210938,83.58999633789062,3933200.0,63.292057037353516
2010-11-24,84.80999755859375,84.08000183105469,84.48999786376953,84.66000366210938,3857600.0,64.10225677490234
2010-11-26,85.06999969482422,83.91999816894531,84.45999908447266,84.4000015258789,1661300.0,63.9053955078125
2010-11-29,84.37999725341797,83.0,83.69999694824219,84.22000122070312,3590000.0,63.76909255981445
2010-11-30,84.30000305175781,83.02999877929688,83.25,83.9800033569336,3463500.0,63.58734893798828
2010-12-01,86.7300033569336,85.4000015258789,85.41999816894531,86.05000305175781,5153700.0,65.15470886230469
2010-12-02,87.12999725341797,86.1500015258789,86.23999786376953,86.51000213623047,4257900.0,65.50302124023438
2010-12-03,87.23999786376953,85.80999755859375,86.05999755859375,86.94000244140625,2910700.0,65.82861328125
2010-12-06,87.41999816894531,86.62000274658203,87.0,86.87999725341797,3165400.0,65.78317260742188
2010-12-07,87.06999969482422,83.80999755859375,86.68000030517578,84.19000244140625,10359600.0,63.74638748168945
2010-12-08,84.81999969482422,83.2300033569336,83.2300033569336,84.68000030517578,5145300.0,64.11741638183594
2010-12-09,85.05000305175781,83.72000122070312,84.9800033569336,84.11000061035156,3598100.0,63.68579864501953
2010-12-10,84.41999816894531,83.75,84.3499984741211,84.31999969482422,4453200.0,63.84480667114258
2010-12-13,85.72000122070312,84.43000030517578,84.54000091552734,85.30000305175781,4264300.0,64.58684539794922
2010-12-14,85.91000366210938,85.0199966430664,85.2300033569336,85.83999633789062,2873400.0,64.99571990966797
2010-12-15,87.0,85.44999694824219,85.83999633789062,85.80999755859375,4758500.0,64.97299194335938
2010-12-16,86.58000183105469,85.1500015258789,85.88999938964844,86.4000015258789,2670600.0,65.41973876953125
2010-12-17,86.6500015258789,85.9000015258789,86.38999938964844,86.37000274658203,3655800.0,65.39701843261719
2010-12-20,87.81999969482422,86.11000061035156,86.5999984741211,87.33999633789062,4002600.0,66.1314697265625
2010-12-21,87.5999984741211,86.2300033569336,87.5199966430664,86.52999877929688,3265900.0,65.51815795898438
2010-12-22,86.9000015258789,85.83000183105469,86.41000366210938,86.72000122070312,2396800.0,65.66203308105469
2010-12-23,86.86000061035156,86.2300033569336,86.79000091552734,86.47000122070312,1890200.0,65.47272491455078
2010-12-27,87.25,86.0,86.37999725341797,87.01000213623047,1585500.0,65.8816146850586
2010-12-28,87.41999816894531,86.44000244140625,87.01000213623047,86.73999786376953,1769700.0,65.67716217041016
2010-12-29,87.19999694824219,86.55000305175781,86.83999633789062,86.76000213623047,1666800.0,65.69232177734375
2010-12-30,87.02999877929688,86.37000274658203,86.77999877929688,86.54000091552734,1502900.0,65.52574920654297
2010-12-31,86.9800033569336,86.01000213623047,86.52999877929688,86.30000305175781,1791500.0,65.34402465820312
2011-01-03,87.33000183105469,86.73999786376953,86.75,86.79000091552734,2632800.0,65.71503448486328
2011-01-04,87.27999877929688,86.27999877929688,87.0,86.66999816894531,2644100.0,65.62417602539062
2011-01-05,87.9000015258789,86.12000274658203,86.29000091552734,86.66999816894531,4081300.0,65.62417602539062
2011-01-06,87.19000244140625,85.62999725341797,86.86000061035156,86.13999938964844,3452600.0,65.22285461425781
2011-01-07,87.30999755859375,85.94999694824219,86.55000305175781,86.2300033569336,3355500.0,65.29100799560547
2011-01-10,87.33000183105469,85.72000122070312,85.72000122070312,87.1500015258789,3475200.0,65.98760223388672
2011-01-11,88.33999633789062,87.33000183105469,87.33000183105469,87.73999786376953,3024400.0,66.43434143066406
2011-01-12,88.76000213623047,87.91999816894531,88.0199966430664,88.66000366210938,2732900.0,67.13094329833984
2011-01-13,88.87000274658203,87.76000213623047,88.47000122070312,88.04000091552734,2351900.0,66.66149139404297
2011-01-14,88.11000061035156,87.44999694824219,87.73999786376953,88.0999984741211,2094300.0,66.7069091796875
2011-01-18,88.5,87.70999908447266,87.83999633789062,88.13999938964844,2323700.0,66.7372055053711
2011-01-19,88.73999786376953,87.66000366210938,88.25,87.95999908447266,2302200.0,66.6009292602539
2011-01-20,88.37999725341797,87.25,87.86000061035156,88.04000091552734,2167400.0,66.66149139404297
2011-01-21,89.38999938964844,88.37000274658203,88.66000366210938,89.29000091552734,3911300.0,67.60794830322266
2011-01-24,90.5,89.05999755859375,89.20999908447266,90.31999969482422,6319600.0,68.3878402709961
2011-01-25,89.5,87.19999694824219,89.4000015258789,88.5,7480800.0,67.0097885131836
2011-01-26,89.72000122070312,88.43000030517578,88.58000183105469,89.56999969482422,4097800.0,67.81998443603516
2011-01-27,90.29000091552734,89.0199966430664,89.19999694824219,89.19000244140625,3282400.0,67.5322265625
2011-01-28,89.69000244140625,87.25,89.43000030517578,87.44000244140625,4927600.0,66.20719909667969
2011-01-31,88.19000244140625,87.30999755859375,87.93000030517578,87.91999816894531,4116500.0,66.57063293457031
2011-02-01,88.30000305175781,87.44000244140625,88.0199966430664,87.79000091552734,3995200.0,66.47221374511719
2011-02-02,88.44999694824219,87.68000030517578,87.68000030517578,87.75,2892600.0,66.4419174194336
2011-02-03,88.2699966430664,87.55000305175781,87.81999969482422,87.94999694824219,1982200.0,66.59334564208984
2011-02-04,88.38999938964844,87.6500015258789,87.91999816894531,88.29000091552734,1973900.0,66.85079193115234
2011-02-07,89.25,87.80999755859375,88.16999816894531,88.79000091552734,2621700.0,67.22937774658203
2011-02-08,89.5,88.77999877929688,88.97000122070312,89.47000122070312,2708000.0,67.74427032470703
2011-02-09,90.83999633789062,89.6500015258789,89.66999816894531,90.77999877929688,4786500.0,68.73615264892578
2011-02-10,90.68000030517578,89.95999908447266,90.23999786376953,90.45999908447266,2787500.0,68.4938735961914
2011-02-11,91.94999694824219,90.05999755859375,90.33999633789062,91.80000305175781,3410000.0,69.50847625732422
2011-02-14,92.30000305175781,91.72000122070312,91.72000122070312,91.9000015258789,3418500.0,69.58419036865234
2011-02-15,92.13999938964844,91.0,91.5199966430664,92.0,2971900.0,69.65990447998047
2011-02-16,92.94999694824219,91.44999694824219,91.45999908447266,92.33000183105469,3906500.0,70.33021545410156
2011-02-17,92.95999908447266,92.0199966430664,92.13999938964844,92.7300033569336,3134200.0,70.63493347167969
2011-02-18,92.97000122070312,92.05000305175781,92.7300033569336,92.95999908447266,3435200.0,70.81009674072266
2011-02-22,93.6500015258789,91.81999969482422,92.7300033569336,92.0,5032300.0,70.078857421875
2011-02-23,92.58000183105469,89.87000274658203,92.56999969482422,90.26000213623047,5360900.0,68.75347137451172
2011-02-24,90.7300033569336,89.2699966430664,90.43000030517578,90.02999877929688,3995700.0,68.5782470703125
2011-02-25,90.66999816894531,89.69000244140625,89.75,90.25,2859500.0,68.7458267211914
2011-02-28,92.63999938964844,91.0999984741211,91.9000015258789,92.2300033569336,4797400.0,70.25406646728516
2011-03-01,92.3499984741211,90.44000244140625,92.19000244140625,90.45999908447266,4008100.0,68.90581512451172
2011-03-02,92.19999694824219,90.23999786376953,90.23999786376953,91.31999969482422,2809500.0,69.56087493896484
2011-03-03,93.4000015258789,91.8499984741211,91.8499984741211,92.80999755859375,3061100.0,70.69584655761719
2011-03-04,93.29000091552734,91.3499984741211,92.70999908447266,92.19000244140625,2770400.0,70.22357177734375
2011-03-07,93.55000305175781,92.0199966430664,92.58000183105469,92.4000015258789,3790500.0,70.38355255126953
2011-03-08,94.16000366210938,92.30000305175781,92.37000274658203,93.75,3623700.0,71.41188049316406
2011-03-09,93.73999786376953,92.58000183105469,93.5199966430664,93.16999816894531,2117900.0,70.97007751464844
2011-03-10,92.31999969482422,90.0,92.31999969482422,90.01000213623047,5098400.0,68.56301879882812
2011-03-11,92.05000305175781,89.70999908447266,89.70999908447266,91.61000061035156,3513000.0,69.78176879882812
2011-03-14,91.20999908447266,89.9000015258789,91.20999908447266,91.0199966430664,3549000.0,69.33234405517578
2011-03-15,90.08999633789062,88.05999755859375,89.05000305175781,89.5,5273500.0,68.17453002929688
2011-03-16,89.23999786376953,86.91000366210938,89.05999755859375,87.55000305175781,6387500.0,66.68917846679688
2011-03-17,88.97000122070312,88.05000305175781,88.58999633789062,88.69000244140625,3581300.0,67.55756378173828
2011-03-18,90.0999984741211,88.52999877929688,89.72000122070312,88.9800033569336,4823200.0,67.7784423828125
2011-03-21,91.80000305175781,90.16999816894531,90.2699966430664,90.94999694824219,3576000.0,69.27903747558594
2011-03-22,91.4800033569336,90.41000366210938,90.95999908447266,90.69999694824219,2067100.0,69.08860778808594
2011-03-23,92.66000366210938,90.5999984741211,90.62000274658203,92.13999938964844,3978100.0,70.18547058105469
2011-03-24,92.9800033569336,91.88999938964844,92.61000061035156,92.58000183105469,2595800.0,70.52064514160156
2011-03-25,92.95999908447266,92.12999725341797,92.87000274658203,92.2699966430664,2748500.0,70.28453063964844
2011-03-28,92.81999969482422,92.12000274658203,92.41999816894531,92.12000274658203,2414300.0,70.17027282714844
2011-03-29,92.9000015258789,91.9000015258789,92.2699966430664,92.83999633789062,2221400.0,70.71871185302734
2011-03-30,93.16000366210938,92.33000183105469,92.83999633789062,92.47000122070312,3566500.0,70.43684387207031
2011-03-31,93.66999816894531,92.36000061035156,92.41000366210938,93.5,3202900.0,71.22144317626953
2011-04-01,94.33000183105469,92.62000274658203,93.52999877929688,93.12999725341797,3546700.0,70.93959045410156
2011-04-04,93.83000183105469,92.68000030517578,92.68000030517578,93.63999938964844,1956600.0,71.32809448242188
2011-04-05,94.0,93.0199966430664,93.51000213623047,93.38999938964844,2253400.0,71.13764953613281
2011-04-06,94.0999984741211,93.22000122070312,93.94000244140625,93.81999969482422,2498400.0,71.46520233154297
2011-04-07,93.93000030517578,92.5999984741211,93.51000213623047,93.19000244140625,3428700.0,70.98530578613281
2011-04-08,93.75,92.62000274658203,93.58999633789062,93.22000122070312,2462700.0,71.00816345214844
2011-04-11,94.63999938964844,93.4000015258789,93.58999633789062,93.80000305175781,3221500.0,71.44996643066406
2011-04-12,93.2699966430664,92.02999877929688,93.19999694824219,92.37000274658203,3894500.0,70.3607177734375
2011-04-13,93.25,92.55000305175781,93.06999969482422,92.86000061035156,2834700.0,70.73394012451172
2011-04-14,93.22000122070312,91.75,92.43000030517578,92.94000244140625,2290200.0,70.79487609863281
2011-04-15,93.13999938964844,91.9800033569336,92.88999938964844,92.81999969482422,3110700.0,70.70346069335938
2011-04-18,91.94000244140625,90.58000183105469,91.94000244140625,91.44999694824219,3639300.0,69.65989685058594
2011-04-19,92.02999877929688,91.47000122070312,91.6500015258789,91.86000061035156,2435100.0,69.97222900390625
2011-04-20,94.41999816894531,92.93000030517578,92.97000122070312,93.76000213623047,3635400.0,71.41950225830078
2011-04-21,94.43000030517578,93.6500015258789,94.08999633789062,93.91999816894531,2926600.0,71.5413818359375
2011-04-25,94.31999969482422,93.2699966430664,93.91000366210938,94.12000274658203,2187100.0,71.6937255859375
2011-04-26,96.58999633789062,94.38999938964844,95.01000213623047,95.94000244140625,8004300.0,73.08006286621094
2011-04-27,96.54000091552734,95.37999725341797,95.66999816894531,96.47000122070312,3774200.0,73.48377227783203
2011-04-28,97.30000305175781,96.08999633789062,96.11000061035156,97.2300033569336,3597800.0,74.06268310546875
2011-04-29,97.5,96.86000061035156,96.91999816894531,97.20999908447266,3086000.0,74.04743957519531
2011-05-02,97.94999694824219,96.6500015258789,97.58000183105469,96.91999816894531,3025000.0,73.82654571533203
2011-05-03,97.5,96.58000183105469,96.93000030517578,96.83000183105469,2938700.0,73.75797271728516
2011-05-04,97.0,95.73999786376953,96.55000305175781,96.19999694824219,3226100.0,73.27810668945312
2011-05-05,96.27999877929688,94.4000015258789,95.61000061035156,94.91999816894531,4159700.0,72.3031005859375
2011-05-06,96.83000183105469,95.36000061035156,95.7300033569336,95.5999984741211,3666500.0,72.8210678100586
2011-05-09,96.45999908447266,95.30000305175781,95.30000305175781,95.98999786376953,2039000.0,73.11811828613281
2011-05-10,96.43000030517578,95.62999725341797,96.23999786376953,95.70999908447266,3285600.0,72.90485382080078
2011-05-11,96.0,94.44000244140625,95.7699966430664,95.5199966430664,3458300.0,72.76012420654297
2011-05-12,96.94000244140625,95.11000061035156,95.18000030517578,96.6500015258789,3949300.0,73.6208724975586
2011-05-13,97.18000030517578,95.19000244140625,96.61000061035156,96.01000213623047,2918900.0,73.13336944580078
2011-05-16,96.2300033569336,95.2699966430664,95.54000091552734,95.45999908447266,2605500.0,72.71442413330078
2011-05-17,95.45999908447266,93.13999938964844,95.27999877929688,93.86000061035156,4845500.0,71.49567413330078
2011-05-18,94.18000030517578,92.75,93.72000122070312,93.94000244140625,3340200.0,71.97838592529297
2011-05-19,95.0,93.93000030517578,94.33999633789062,94.70999908447266,2385400.0,72.56836700439453
2011-05-20,94.6500015258789,93.12999725341797,94.55000305175781,93.55999755859375,3486900.0,71.68724060058594
2011-05-23,92.87999725341797,91.76000213623047,92.29000091552734,92.48999786376953,2988900.0,70.86735534667969
2011-05-24,92.91999816894531,91.93000030517578,92.91999816894531,91.97000122070312,3218300.0,70.46892547607422
2011-05-25,93.02999877929688,91.37999725341797,91.54000091552734,92.69000244140625,2814300.0,71.02059936523438
2011-05-26,93.19999694824219,92.02999877929688,92.6500015258789,92.81999969482422,2669200.0,71.1202163696289
2011-05-27,93.98999786376953,93.0999984741211,93.45999908447266,93.47000122070312,1987200.0,71.61825561523438
2011-05-31,94.68000030517578,93.48999786376953,94.05000305175781,94.37999725341797,3181300.0,72.31551361083984
2011-06-01,94.33000183105469,91.33000183105469,94.33000183105469,91.44000244140625,3456200.0,70.06285858154297
2011-06-02,92.11000061035156,90.97000122070312,91.3499984741211,91.45999908447266,2745200.0,70.07811737060547
2011-06-03,91.2300033569336,90.19000244140625,90.19000244140625,90.69999694824219,3108300.0,69.49583435058594
2011-06-06,90.93000030517578,90.23999786376953,90.37999725341797,90.62000274658203,2964500.0,69.43453979492188
2011-06-07,91.98999786376953,90.73999786376953,90.86000061035156,90.8499984741211,3049700.0,69.61077117919922
2011-06-08,91.3499984741211,90.36000061035156,90.94000244140625,90.91000366210938,3469900.0,69.6567611694336
2011-06-09,92.43000030517578,90.98999786376953,91.36000061035156,91.95999908447266,2493300.0,70.4612808227539
2011-06-10,91.9000015258789,90.63999938964844,91.44000244140625,90.7300033569336,2765200.0,69.51882934570312
2011-06-13,91.87000274658203,90.9000015258789,91.13999938964844,91.30000305175781,2543300.0,69.95559692382812
2011-06-14,92.98999786376953,92.04000091552734,92.27999877929688,92.58999633789062,2839100.0,70.9439697265625
2011-06-15,92.08000183105469,90.58000183105469,91.69999694824219,91.02999877929688,3407700.0,69.74869537353516
2011-06-16,91.87999725341797,90.66000366210938,91.06999969482422,91.58000183105469,2995700.0,70.17013549804688
2011-06-17,92.62999725341797,91.52999877929688,92.30000305175781,91.77999877929688,3764100.0,70.3233642578125
2011-06-20,92.87000274658203,91.41000366210938,91.41999816894531,92.55999755859375,2026700.0,70.92098999023438
2011-06-21,93.79000091552734,92.33000183105469,92.80999755859375,93.43000030517578,2438300.0,71.58757781982422
2011-06-22,93.91999816894531,92.72000122070312,93.33000183105469,92.80000305175781,2675400.0,71.1048812866211
2011-06-23,92.41999816894531,90.7300033569336,92.04000091552734,92.33999633789062,3804200.0,70.75245666503906
2011-06-24,92.52999877929688,90.68000030517578,92.33999633789062,90.88999938964844,4179900.0,69.64143371582031
2011-06-27,92.6500015258789,90.83999633789062,91.08000183105469,92.25,2783700.0,70.6834716796875
2011-06-28,93.0199966430664,92.41999816894531,92.62999725341797,93.0199966430664,2730000.0,71.27344512939453
2011-06-29,93.63999938964844,92.68000030517578,93.41999816894531,93.11000061035156,3071700.0,71.34244537353516
2011-06-30,95.05999755859375,93.3499984741211,93.37999725341797,94.8499984741211,4201800.0,72.67566680908203
2011-07-01,96.94999694824219,94.83000183105469,94.83000183105469,96.66999816894531,4659700.0,74.07014465332031
2011-07-05,96.86000061035156,96.05999755859375,96.4000015258789,96.13999938964844,3064200.0,73.6640396118164
2011-07-06,97.5,96.0999984741211,96.12000274658203,97.23999786376953,3704100.0,74.50689697265625
2011-07-07,98.19000244140625,97.16999816894531,97.7300033569336,97.97000122070312,3312100.0,75.06620788574219
2011-07-08,97.66999816894531,96.98999786376953,97.12000274658203,97.62000274658203,3014900.0,74.79804229736328
2011-07-11,97.0,96.05999755859375,96.44999694824219,96.55999755859375,4510200.0,73.98587036132812
2011-07-12,97.22000122070312,95.80000305175781,97.11000061035156,95.87999725341797,4578100.0,73.46484375
2011-07-13,97.30000305175781,96.02999877929688,96.08999633789062,96.19000244140625,2816100.0,73.70238494873047
2011-07-14,95.77999877929688,94.55999755859375,94.81999969482422,94.9800033569336,5397100.0,72.7752685546875
2011-07-15,95.62999725341797,94.72000122070312,95.19999694824219,95.47000122070312,3924000.0,73.15069580078125
2011-07-18,95.12000274658203,93.70999908447266,95.0999984741211,94.5999984741211,2951400.0,72.48407745361328
2011-07-19,94.94000244140625,93.37999725341797,94.94000244140625,94.2699966430664,4756900.0,72.23124694824219
2011-07-20,94.91999816894531,94.1500015258789,94.83000183105469,94.25,2808000.0,72.21590423583984
2011-07-21,96.08999633789062,94.5,95.01000213623047,95.83999633789062,3540400.0,73.43419647216797
2011-07-22,96.37999725341797,95.11000061035156,96.08999633789062,95.37999725341797,2846200.0,73.08173370361328
2011-07-25,95.52999877929688,93.9000015258789,94.83999633789062,95.06999969482422,3438600.0,72.84420776367188
2011-07-26,92.5,89.55999755859375,91.91999816894531,89.93000030517578,11432000.0,68.90585327148438
2011-07-27,89.72000122070312,87.75,89.69000244140625,88.08000183105469,6658400.0,67.48835754394531
2011-07-28,88.72000122070312,87.41000366210938,88.19000244140625,87.56999969482422,4285900.0,67.09757232666016
2011-07-29,87.70999908447266,86.5999984741211,86.94000244140625,87.13999938964844,4883800.0,66.76810455322266
2011-08-01,88.16999816894531,85.54000091552734,87.9800033569336,86.7699966430664,5997600.0,66.48461151123047
2011-08-02,87.25,85.25,85.66999816894531,85.2699966430664,6406300.0,65.33528137207031
2011-08-03,86.44999694824219,84.81999969482422,85.55999755859375,86.18000030517578,6277000.0,66.03252410888672
2011-08-04,85.06999969482422,82.11000061035156,85.06999969482422,82.2300033569336,9061600.0,63.0059814453125
2011-08-05,84.22000122070312,81.23999786376953,83.44000244140625,82.75,8453100.0,63.404415130615234
2011-08-08,81.37000274658203,78.52999877929688,80.75,78.58999633789062,11496200.0,60.21694564819336
2011-08-09,82.86000061035156,78.05999755859375,80.2300033569336,82.69000244140625,12008400.0,63.35842514038086
2011-08-10,81.22000122070312,78.01000213623047,81.0,78.2300033569336,9377400.0,59.941123962402344
2011-08-11,82.36000061035156,78.29000091552734,78.69000244140625,81.22000122070312,7142300.0,62.23210906982422
2011-08-12,82.76000213623047,80.80000305175781,81.88999938964844,82.54000091552734,5718100.0,63.243507385253906
2011-08-15,83.66000366210938,81.97000122070312,82.66000366210938,83.30999755859375,4157200.0,63.833492279052734
2011-08-16,82.68000030517578,81.05000305175781,82.52999877929688,82.12999725341797,5078200.0,62.9293327331543
2011-08-17,83.02999877929688,80.58000183105469,82.19000244140625,80.93000030517578,5429400.0,62.427974700927734
2011-08-18,80.0199966430664,76.73999786376953,79.83000183105469,77.41999816894531,8546300.0,59.72041320800781
2011-08-19,78.81999969482422,76.5999984741211,76.6500015258789,76.87000274658203,6151600.0,59.2961540222168
2011-08-22,78.5199966430664,76.5,78.33999633789062,76.94999694824219,4434200.0,59.35786819458008
2011-08-23,79.80999755859375,76.87000274658203,77.16999816894531,79.66999816894531,5819100.0,61.456016540527344
2011-08-24,80.44999694824219,78.8499984741211,79.4000015258789,80.29000091552734,5176800.0,61.93427658081055
2011-08-25,80.6500015258789,77.79000091552734,80.44999694824219,78.19000244140625,6604500.0,60.314388275146484
2011-08-26,80.26000213623047,76.5,77.7300033569336,80.01000213623047,5390000.0,61.718299865722656
2011-08-29,82.2300033569336,80.9000015258789,81.30000305175781,82.0999984741211,3467000.0,63.33049774169922
2011-08-30,82.61000061035156,80.70999908447266,81.68000030517578,82.06999969482422,3734200.0,63.307376861572266
2011-08-31,83.37000274658203,82.19999694824219,82.69999694824219,82.9800033569336,4737700.0,64.0093002319336
2011-09-01,83.94999694824219,81.27999877929688,83.0199966430664,81.61000061035156,4535400.0,62.9525260925293
2011-09-02,80.33000183105469,78.91999816894531,80.0199966430664,79.3499984741211,4391300.0,61.209197998046875
2011-09-06,78.26000213623047,76.69999694824219,77.44000244140625,78.08000183105469,5271200.0,60.229515075683594
2011-09-07,80.63999938964844,78.66000366210938,79.36000061035156,80.56999969482422,5213800.0,62.15024948120117
2011-09-08,80.6500015258789,78.77999877929688,79.87999725341797,79.26000213623047,4722200.0,61.1397705078125
2011-09-09,78.18000030517578,76.0,78.05999755859375,76.6500015258789,7423400.0,59.12644577026367
2011-09-12,78.27999877929688,76.0,76.20999908447266,78.22000122070312,5848900.0,60.33753204345703
2011-09-13,78.79000091552734,77.19000244140625,78.27999877929688,77.80999755859375,6469100.0,60.02125930786133
2011-09-14,80.38999938964844,76.91000366210938,77.95999908447266,79.44000244140625,5402500.0,61.278594970703125
2011-09-15,81.02999877929688,79.4800033569336,80.18000030517578,80.62999725341797,4222300.0,62.19654083251953
2011-09-16,81.6500015258789,80.01000213623047,81.43000030517578,80.52999877929688,6027600.0,62.11941909790039
2011-09-19,79.56999969482422,77.87999725341797,79.56999969482422,79.20999908447266,4552700.0,61.10118865966797
2011-09-20,79.91999816894531,78.45999908447266,79.44000244140625,79.20999908447266,3914800.0,61.10118865966797
2011-09-21,79.76000213623047,76.2699966430664,79.33000183105469,76.33999633789062,4957800.0,58.887290954589844
2011-09-22,74.9000015258789,72.0,74.81999969482422,72.9000015258789,10108500.0,56.23373794555664
2011-09-23,74.33000183105469,72.33999633789062,72.63999938964844,73.98999786376953,4583800.0,57.0745735168457
2011-09-26,75.26000213623047,73.44999694824219,74.38999938964844,75.19000244140625,5033400.0,58.00022506713867
2011-09-27,77.7699966430664,75.81999969482422,76.37000274658203,76.27999877929688,4875300.0,58.84101486206055
2011-09-28,77.19999694824219,73.5,76.41999816894531,73.5999984741211,5932100.0,56.773712158203125
2011-09-29,75.68000030517578,73.5,74.97000122070312,74.52999877929688,5633500.0,57.491111755371094
2011-09-30,73.94000244140625,71.70999908447266,73.91000366210938,71.79000091552734,7184500.0,55.37754440307617
2011-10-03,73.23999786376953,70.93000030517578,71.12999725341797,70.93000030517578,7619300.0,54.71415328979492
2011-10-04,72.18000030517578,68.62999725341797,70.12999725341797,72.01000213623047,8700000.0,55.54725646972656
2011-10-05,72.83999633789062,71.01000213623047,71.73999786376953,72.52999877929688,5467000.0,55.948341369628906
2011-10-06,74.69000244140625,72.0,72.72000122070312,74.6500015258789,4835800.0,57.583683013916016
2011-10-07,75.44999694824219,73.06999969482422,75.19999694824219,73.81999969482422,5291800.0,56.943443298339844
2011-10-10,76.73999786376953,75.08999633789062,75.12000274658203,76.72000122070312,3855600.0,59.18045425415039
2011-10-11,76.87000274658203,75.88999938964844,76.55000305175781,76.41999816894531,3320200.0,58.94901657104492
2011-10-12,79.33999633789062,76.7300033569336,76.7300033569336,78.36000061035156,5663300.0,60.44552230834961
2011-10-13,78.4000015258789,76.66999816894531,78.2699966430664,77.80000305175781,3726900.0,60.01354217529297
2011-10-14,79.2300033569336,78.12000274658203,78.94000244140625,78.88999938964844,2840800.0,60.8543586730957
2011-10-17,79.05000305175781,75.66000366210938,78.62999725341797,75.87999725341797,4359500.0,58.53246307373047
2011-10-18,79.1500015258789,75.70999908447266,76.18000030517578,78.36000061035156,4167200.0,60.44552230834961
2011-10-19,78.86000061035156,77.2699966430664,78.26000213623047,77.69999694824219,3865000.0,59.93639373779297
2011-10-20,79.05999755859375,77.11000061035156,77.7699966430664,78.68000030517578,4087300.0,60.69235610961914
2011-10-21,80.55999755859375,78.9800033569336,79.37999725341797,80.4800033569336,5125200.0,62.08083724975586
2011-10-24,82.4000015258789,80.2300033569336,80.31999969482422,82.18000030517578,5428700.0,63.392208099365234
2011-10-25,79.0199966430664,76.27999877929688,76.87999725341797,77.04000091552734,12651800.0,59.42728042602539
2011-10-26,78.4000015258789,75.97000122070312,77.9800033569336,77.0199966430664,5788900.0,59.411861419677734
2011-10-27,82.33000183105469,78.91999816894531,79.51000213623047,81.41000366210938,7413700.0,62.798255920410156
2011-10-28,81.83999633789062,80.5,81.52999877929688,81.0,5252000.0,62.48195266723633
2011-10-31,80.58999633789062,78.93000030517578,79.87999725341797,79.0199966430664,4022500.0,60.95460510253906
2011-11-01,78.22000122070312,76.26000213623047,77.88999938964844,76.52999877929688,5772100.0,59.033897399902344
2011-11-02,78.63999938964844,77.3499984741211,77.38999938964844,78.05999755859375,3559600.0,60.21410369873047
2011-11-03,79.81999969482422,77.88999938964844,78.86000061035156,79.63999938964844,4337800.0,61.43288803100586
2011-11-04,79.54000091552734,78.12000274658203,78.97000122070312,79.30000305175781,3771900.0,61.17063522338867
2011-11-07,80.19000244140625,78.30000305175781,79.2699966430664,79.69000244140625,4311700.0,61.4714469909668
2011-11-08,82.0,80.0,80.29000091552734,81.83000183105469,4230500.0,63.12220764160156
2011-11-09,80.30999755859375,78.47000122070312,80.12999725341797,79.0,6393500.0,60.93919372558594
2011-11-10,81.16000366210938,79.6500015258789,80.30999755859375,80.31999969482422,4646300.0,61.95742416381836
2011-11-11,82.66000366210938,81.30000305175781,81.30000305175781,82.29000091552734,3645800.0,63.4770393371582
2011-11-14,82.48999786376953,81.37999725341797,81.55999755859375,81.87000274658203,3168600.0,63.1530647277832
2011-11-15,82.37999725341797,81.05999755859375,81.44000244140625,81.87000274658203,3602400.0,63.1530647277832
2011-11-16,83.0999984741211,80.86000061035156,81.29000091552734,81.87000274658203,5097100.0,63.1530647277832
2011-11-17,81.66999816894531,79.66999816894531,81.52999877929688,80.43000030517578,5077900.0,62.04230499267578
2011-11-18,81.0199966430664,79.9800033569336,80.69999694824219,80.54000091552734,3928300.0,62.12712478637695
2011-11-21,79.63999938964844,77.54000091552734,79.27999877929688,78.38999938964844,5438800.0,60.46867370605469
2011-11-22,78.94000244140625,77.44999694824219,77.62999725341797,77.83000183105469,4170600.0,60.460880279541016
2011-11-23,77.16000366210938,75.48999786376953,77.08000183105469,75.54000091552734,4149900.0,58.68193435668945
2011-11-25,76.86000061035156,75.55000305175781,75.55000305175781,76.12999725341797,2094000.0,59.1402587890625
2011-11-28,78.01000213623047,77.05000305175781,77.19999694824219,77.72000122070312,4923100.0,60.37544631958008
2011-11-29,78.18000030517578,77.02999877929688,78.0,77.23999786376953,3853300.0,60.00254440307617
2011-11-30,81.05000305175781,79.43000030517578,79.70999908447266,81.04000091552734,8721000.0,62.954524993896484
2011-12-01,81.30999755859375,80.25,81.25,80.30000305175781,3867100.0,62.37966537475586
2011-12-02,81.45999908447266,79.05000305175781,81.38999938964844,79.76000213623047,5578000.0,61.960182189941406
2011-12-05,81.5999984741211,80.33999633789062,81.33000183105469,80.93000030517578,5910500.0,62.869075775146484
2011-12-06,82.80000305175781,81.61000061035156,82.12999725341797,82.12999725341797,6011800.0,63.801231384277344
2011-12-07,82.7300033569336,80.77999877929688,82.02999877929688,82.38999938964844,4306100.0,64.00321960449219
2011-12-08,82.13999938964844,80.26000213623047,81.83000183105469,80.45999908447266,3980600.0,62.50394058227539
2011-12-09,82.41999816894531,80.7699966430664,80.91999816894531,82.19999694824219,4075500.0,63.85564422607422
2011-12-12,81.98999786376953,80.02999877929688,81.9000015258789,80.58999633789062,3338000.0,62.604942321777344
2011-12-13,81.22000122070312,78.91000366210938,81.0,79.41000366210938,3975800.0,61.688262939453125
2011-12-14,79.44999694824219,78.26000213623047,79.18000030517578,78.51000213623047,4203000.0,60.9891242980957
2011-12-15,79.77999877929688,78.5999984741211,79.43000030517578,78.86000061035156,3247000.0,61.26103210449219
2011-12-16,80.0199966430664,78.41999816894531,79.5199966430664,78.87000274658203,6492600.0,61.2687873840332
2011-12-19,79.5,77.51000213623047,79.0199966430664,77.81999969482422,3485400.0,60.4531364440918
2011-12-20,80.4000015258789,78.87000274658203,79.19000244140625,80.30999755859375,4660200.0,62.38743209838867
2011-12-21,80.47000122070312,78.97000122070312,80.43000030517578,80.0,3611800.0,62.1466178894043
2011-12-22,81.18000030517578,79.93000030517578,80.2699966430664,80.97000122070312,3164200.0,62.900150299072266
2011-12-23,82.20999908447266,80.77999877929688,81.23999786376953,82.19999694824219,2042200.0,63.85564422607422
2011-12-27,82.63999938964844,81.62000274658203,81.91000366210938,82.27999877929688,1722600.0,63.917789459228516
2011-12-28,82.44000244140625,80.94000244140625,82.22000122070312,81.1500015258789,2613300.0,63.03998947143555
2011-12-29,82.19999694824219,81.19000244140625,81.37000274658203,82.11000061035156,1935200.0,63.785736083984375
2011-12-30,82.44999694824219,81.5999984741211,82.2300033569336,81.7300033569336,1706500.0,63.49053192138672
2012-01-03,84.44000244140625,83.36000061035156,83.76000213623047,83.48999786376953,3380100.0,64.85777282714844
2012-01-04,84.26000213623047,83.11000061035156,83.12999725341797,84.18000030517578,3007400.0,65.39376831054688
2012-01-05,83.87000274658203,82.69999694824219,83.52999877929688,83.80000305175781,3116400.0,65.09859466552734
2012-01-06,84.23999786376953,83.31999969482422,83.77999877929688,83.37000274658203,2839200.0,64.76453399658203
2012-01-09,84.05999755859375,83.26000213623047,83.58000183105469,83.87000274658203,2796600.0,65.15296936035156
2012-01-10,85.19000244140625,84.04000091552734,84.58999633789062,84.30000305175781,3438400.0,65.48699951171875
2012-01-11,83.88999938964844,83.08000183105469,83.23999786376953,83.7699966430664,4465300.0,65.07525634765625
2012-01-12,84.63999938964844,83.76000213623047,84.37000274658203,84.27999877929688,3649900.0,65.4714584350586
2012-01-13,84.12000274658203,83.06999969482422,83.75,83.5999984741211,3092900.0,64.9432144165039
2012-01-17,85.36000061035156,84.12999725341797,84.8499984741211,84.2300033569336,2694900.0,65.4326171875
2012-01-18,85.12000274658203,84.0199966430664,84.13999938964844,85.06999969482422,3721100.0,66.08515930175781
2012-01-19,86.2300033569336,84.91999816894531,85.0999984741211,85.80000305175781,3413700.0,66.65223693847656
2012-01-20,85.69999694824219,84.95999908447266,85.44999694824219,85.6500015258789,3522600.0,66.53570556640625
2012-01-23,86.05999755859375,85.30999755859375,85.69999694824219,85.61000061035156,3494800.0,66.50465393066406
2012-01-24,85.94000244140625,84.62999725341797,85.26000213623047,85.93000030517578,3895600.0,66.75323486328125
2012-01-25,86.66000366210938,85.0,85.30000305175781,86.4800033569336,4412000.0,67.18047332763672
2012-01-26,87.98999786376953,87.0,87.51000213623047,87.58000183105469,4898900.0,68.0350112915039
2012-01-27,87.80000305175781,86.66999816894531,87.1500015258789,87.45999908447266,3747200.0,67.9417724609375
2012-01-30,87.58999633789062,86.41999816894531,86.5,87.33999633789062,3148400.0,67.84856414794922
2012-01-31,87.87999725341797,85.79000091552734,87.87999725341797,86.70999908447266,3552100.0,67.35916137695312
2012-02-01,87.9800033569336,87.2300033569336,87.5199966430664,87.3499984741211,3005500.0,67.8563232421875
2012-02-02,87.7699966430664,87.05999755859375,87.25,87.43000030517578,2288000.0,67.91847229003906
2012-02-03,88.29000091552734,87.47000122070312,88.08000183105469,87.7300033569336,3195500.0,68.15154266357422
2012-02-06,87.94000244140625,87.1500015258789,87.1500015258789,87.55999755859375,2189300.0,68.01947021484375
2012-02-07,88.22000122070312,86.69000244140625,87.31999969482422,87.88999938964844,2959100.0,68.27581787109375
2012-02-08,88.29000091552734,87.68000030517578,88.12000274658203,87.97000122070312,2522800.0,68.33795166015625
2012-02-09,88.18000030517578,87.45999908447266,87.54000091552734,88.0199966430664,3031600.0,68.37677764892578
2012-02-10,87.55999755859375,86.75,87.19999694824219,87.13999938964844,3085700.0,67.69319152832031
2012-02-13,88.08999633789062,87.16000366210938,87.56999969482422,88.02999877929688,2530600.0,68.38455963134766
2012-02-14,88.0,87.22000122070312,87.5999984741211,87.98999786376953,2850300.0,68.35350036621094
2012-02-15,87.72000122070312,86.75,87.41999816894531,87.01000213623047,3647000.0,68.04850769042969
2012-02-16,87.76000213623047,86.95999908447266,86.98999786376953,87.6500015258789,2548800.0,68.54903411865234
2012-02-17,88.1500015258789,87.4800033569336,87.98999786376953,87.55999755859375,2834600.0,68.47864532470703
2012-02-21,88.05000305175781,87.4000015258789,87.73999786376953,87.5999984741211,2406700.0,68.50991821289062
2012-02-22,88.08999633789062,87.44999694824219,87.6500015258789,87.76000213623047,2650000.0,68.63504791259766
2012-02-23,88.18000030517578,87.2699966430664,87.87999725341797,87.9000015258789,3531300.0,68.7445297241211
2012-02-24,88.45999908447266,87.87999725341797,88.04000091552734,88.19999694824219,2524800.0,68.97916412353516
2012-02-27,88.31999969482422,87.0999984741211,87.41000366210938,88.06999969482422,3012900.0,68.87751007080078
2012-02-28,88.19999694824219,87.2300033569336,87.83000183105469,87.7699966430664,2497700.0,68.6428451538086
2012-02-29,88.31999969482422,87.25,88.13999938964844,87.5999984741211,3277700.0,68.50991821289062
2012-03-01,88.22000122070312,87.16999816894531,87.72000122070312,87.48999786376953,2525200.0,68.42388916015625
2012-03-02,87.56999969482422,87.04000091552734,87.47000122070312,87.5199966430664,2820500.0,68.4473648071289
2012-03-05,87.44999694824219,86.37999725341797,87.4000015258789,87.05999755859375,2701900.0,68.08760070800781
2012-03-06,85.86000061035156,84.83000183105469,85.72000122070312,84.94999694824219,3547900.0,66.43740844726562
2012-03-07,85.66999816894531,84.87999725341797,85.23999786376953,85.47000122070312,3150800.0,66.84408569335938
2012-03-08,86.93000030517578,85.9800033569336,86.05999755859375,86.70999908447266,2603200.0,67.8138656616211
2012-03-09,87.2699966430664,86.6500015258789,86.80999755859375,86.80000305175781,1958300.0,67.8842544555664
2012-03-12,87.75,86.95999908447266,87.0999984741211,87.54000091552734,2049300.0,68.4630126953125
2012-03-13,88.7699966430664,87.51000213623047,87.76000213623047,88.75,3107100.0,69.40928649902344
2012-03-14,89.25,88.5999984741211,88.5999984741211,88.87000274658203,2960900.0,69.503173828125
2012-03-15,90.0,88.81999969482422,89.0,90.0,3252200.0,70.38691711425781
2012-03-16,90.0,89.37000274658203,89.87999725341797,89.55999755859375,5007100.0,70.04279327392578
2012-03-19,89.9000015258789,89.19999694824219,89.5199966430664,89.73999786376953,2585400.0,70.1835708618164
2012-03-20,89.7300033569336,88.75,89.16999816894531,89.3499984741211,2485300.0,69.87855529785156
2012-03-21,89.63999938964844,88.80000305175781,89.41999816894531,88.91000366210938,2433800.0,69.53443908691406
2012-03-22,88.77999877929688,87.72000122070312,88.5,88.56999969482422,3064200.0,69.26853942871094
2012-03-23,88.66999816894531,88.0199966430664,88.62999725341797,88.45999908447266,2326100.0,69.1824951171875
2012-03-26,89.3499984741211,88.5999984741211,88.91999816894531,89.12000274658203,2572500.0,69.69866943359375
2012-03-27,89.41999816894531,88.93000030517578,89.37999725341797,89.13999938964844,2308400.0,69.71429443359375
2012-03-28,89.61000061035156,88.04000091552734,89.29000091552734,88.44999694824219,2289600.0,69.17466735839844
2012-03-29,88.81999969482422,87.72000122070312,87.87999725341797,88.7699966430664,2207100.0,69.4249496459961
2012-03-30,89.29000091552734,88.76000213623047,89.22000122070312,89.20999908447266,2471800.0,69.76905822753906
2012-04-02,89.36000061035156,88.05000305175781,88.79000091552734,89.2300033569336,2640900.0,69.78470611572266
2012-04-03,89.22000122070312,88.19999694824219,89.22000122070312,88.79000091552734,2298400.0,69.44059753417969
2012-04-04,88.05000305175781,87.1500015258789,87.9800033569336,87.83999633789062,2392700.0,68.69761657714844
2012-04-05,87.79000091552734,86.97000122070312,87.36000061035156,87.2699966430664,2048400.0,68.25181579589844
2012-04-09,86.7699966430664,85.9000015258789,86.23999786376953,86.33000183105469,1932700.0,67.51669311523438
2012-04-10,86.4000015258789,84.44000244140625,86.19000244140625,84.58000183105469,3651000.0,66.1480712890625
2012-04-11,85.69000244140625,85.12000274658203,85.36000061035156,85.3499984741211,2527700.0,66.750244140625
2012-04-12,86.93000030517578,85.08000183105469,85.70999908447266,86.86000061035156,2476000.0,67.93118286132812
2012-04-13,86.58999633789062,85.56999969482422,86.48999786376953,85.69000244140625,2609700.0,67.01612091064453
2012-04-16,86.93000030517578,85.91999816894531,86.04000091552734,86.4000015258789,3060200.0,67.5714111328125
2012-04-17,87.66999816894531,86.66000366210938,86.69999694824219,87.44999694824219,2354200.0,68.39259338378906
2012-04-18,87.62999725341797,86.69000244140625,86.9000015258789,87.12999725341797,1781600.0,68.14234161376953
2012-04-19,87.55000305175781,86.12999725341797,87.19000244140625,86.80000305175781,2565000.0,67.8842544555664
2012-04-20,87.80000305175781,86.91000366210938,86.98999786376953,87.4800033569336,3177200.0,68.41604614257812
2012-04-23,87.23999786376953,86.0199966430664,86.5199966430664,87.12999725341797,2769900.0,68.14234161376953
2012-04-24,89.75,88.37999725341797,89.33000183105469,88.48999786376953,5701200.0,69.20597076416016
2012-04-25,89.26000213623047,88.5,88.9800033569336,88.80000305175781,2962900.0,69.44839477539062
2012-04-26,89.55999755859375,88.51000213623047,88.5999984741211,89.31999969482422,2750900.0,69.85508728027344
2012-04-27,89.54000091552734,88.75,89.41000366210938,89.36000061035156,2618000.0,69.8863754272461
2012-04-30,89.45999908447266,88.72000122070312,89.25,89.36000061035156,2072900.0,69.8863754272461
2012-05-01,89.94999694824219,88.73999786376953,89.12999725341797,89.5999984741211,2294200.0,70.0740737915039
2012-05-02,89.58999633789062,88.88999938964844,89.16000366210938,89.5199966430664,2100200.0,70.01152038574219
2012-05-03,89.8499984741211,89.11000061035156,89.5,89.38999938964844,2343600.0,69.9098129272461
2012-05-04,89.23999786376953,88.30000305175781,89.16999816894531,88.66999816894531,2823800.0,69.34674835205078
2012-05-07,88.62000274658203,87.69999694824219,87.69999694824219,88.01000213623047,2753500.0,68.83056640625
2012-05-08,87.87999725341797,86.30000305175781,87.12000274658203,87.55999755859375,2710400.0,68.47864532470703
2012-05-09,87.83999633789062,85.9800033569336,86.63999938964844,87.2699966430664,3192800.0,68.25181579589844
2012-05-10,87.69000244140625,86.87999725341797,87.13999938964844,87.12999725341797,2828500.0,68.14234161376953
2012-05-11,87.4800033569336,86.23999786376953,86.47000122070312,86.7300033569336,2601800.0,67.82950592041016
2012-05-14,86.55000305175781,85.23999786376953,85.45999908447266,85.83000183105469,2631900.0,67.12564849853516
2012-05-15,86.45999908447266,85.5,85.94999694824219,85.77999877929688,2611300.0,67.08654022216797
2012-05-16,86.2699966430664,85.26000213623047,85.91000366210938,85.3499984741211,2770600.0,67.2125244140625
2012-05-17,85.63999938964844,84.25,85.55999755859375,84.33999633789062,2777200.0,66.41716003417969
2012-05-18,84.77999877929688,83.2699966430664,84.77999877929688,83.51000213623047,3602900.0,65.76355743408203
2012-05-21,84.62999725341797,83.75,83.87999725341797,84.45999908447266,2450000.0,66.51166534423828
2012-05-22,84.98999786376953,83.68000030517578,84.69000244140625,84.12999725341797,3000900.0,66.25180053710938
2012-05-23,84.87999725341797,82.94999694824219,83.37000274658203,84.80000305175781,3200000.0,66.77942657470703
2012-05-24,85.0,84.02999877929688,84.95999908447266,84.9800033569336,2322100.0,66.92115783691406
2012-05-25,85.19999694824219,84.4000015258789,84.87000274658203,84.77999877929688,2346000.0,66.76367950439453
2012-05-29,86.0,85.12999725341797,85.37999725341797,85.7300033569336,2142200.0,67.51177978515625
2012-05-30,85.12000274658203,84.0999984741211,85.05999755859375,84.44999694824219,2697100.0,66.50379180908203
2012-05-31,85.05000305175781,83.87000274658203,84.44999694824219,84.41000366210938,3683200.0,66.47229766845703
2012-06-01,83.9800033569336,82.72000122070312,83.05000305175781,82.8499984741211,3539200.0,65.24381256103516
2012-06-04,82.98999786376953,81.98999786376953,82.79000091552734,82.62000274658203,2899900.0,65.06267547607422
2012-06-05,82.86000061035156,82.25,82.58999633789062,82.51000213623047,3268700.0,64.9760513305664
2012-06-06,84.63999938964844,83.02999877929688,83.22000122070312,84.62999725341797,2776300.0,66.64553833007812
2012-06-07,86.19000244140625,85.33000183105469,85.58999633789062,85.5,3032400.0,67.33068084716797
2012-06-08,86.08999633789062,84.98999786376953,85.18000030517578,86.0,2146200.0,67.72439575195312
2012-06-11,86.54000091552734,85.08000183105469,86.54000091552734,85.18000030517578,2098200.0,67.07865905761719
2012-06-12,86.73999786376953,85.22000122070312,85.66999816894531,86.7300033569336,2570900.0,68.29928588867188
2012-06-13,86.80000305175781,85.72000122070312,86.30000305175781,86.12999725341797,2661900.0,67.82677459716797
2012-06-14,87.2300033569336,86.05999755859375,86.30999755859375,86.86000061035156,3334900.0,68.40164184570312
2012-06-15,87.91000366210938,87.01000213623047,87.56999969482422,87.44000244140625,4696100.0,68.85841369628906
2012-06-18,87.61000061035156,86.66999816894531,87.06999969482422,87.30999755859375,2950600.0,68.75602722167969
2012-06-19,88.16999816894531,87.5199966430664,87.81999969482422,87.81999969482422,3212500.0,69.15763092041016
2012-06-20,88.27999877929688,87.3499984741211,87.93000030517578,87.54000091552734,3446800.0,68.93714904785156
2012-06-21,88.37999725341797,86.62000274658203,88.04000091552734,86.7300033569336,3722800.0,68.29928588867188
2012-06-22,87.13999938964844,86.37999725341797,87.11000061035156,86.83000183105469,3026000.0,68.37803649902344
2012-06-25,86.30999755859375,85.45999908447266,85.87000274658203,85.8499984741211,2908900.0,67.60628509521484
2012-06-26,86.47000122070312,85.29000091552734,85.91000366210938,86.18000030517578,2389100.0,67.86617279052734
2012-06-27,87.5999984741211,86.23999786376953,86.38999938964844,87.16000366210938,2887800.0,68.6379165649414
2012-06-28,87.25,85.9800033569336,86.36000061035156,87.16000366210938,3267100.0,68.6379165649414
2012-06-29,89.5999984741211,88.3499984741211,88.62000274658203,89.5999984741211,4629400.0,70.55941009521484
2012-07-02,89.69000244140625,88.27999877929688,89.29000091552734,89.27999877929688,2289700.0,70.3073959350586
2012-07-03,89.75,89.08000183105469,89.11000061035156,89.69999694824219,1410400.0,70.63813781738281
2012-07-05,89.94999694824219,88.86000061035156,89.19999694824219,89.56999969482422,1924800.0,70.53575897216797
2012-07-06,89.37999725341797,88.3499984741211,88.80999755859375,88.98999786376953,2192900.0,70.0790023803711
2012-07-09,89.08000183105469,88.30999755859375,88.86000061035156,88.95999908447266,2600900.0,70.0553970336914
2012-07-10,89.81999969482422,87.95999908447266,89.08000183105469,88.25,3356800.0,69.49625396728516
2012-07-11,88.76000213623047,87.01000213623047,88.37999725341797,87.8499984741211,4208600.0,69.18126678466797
2012-07-12,86.97000122070312,85.33999633789062,86.5999984741211,86.41000366210938,4938300.0,68.04729461669922
2012-07-13,87.83000183105469,86.31999969482422,86.31999969482422,87.58999633789062,2599300.0,68.97652435302734
2012-07-16,88.6500015258789,87.7699966430664,88.12000274658203,88.0999984741211,2848100.0,69.37814331054688
2012-07-17,89.3499984741211,87.55000305175781,88.25,88.9800033569336,3078500.0,70.07115173339844
2012-07-18,90.98999786376953,88.55999755859375,88.75,90.87000274658203,4273300.0,71.55950927734375
2012-07-19,91.19999694824219,90.4000015258789,90.87000274658203,90.83000183105469,3355100.0,71.52799987792969
2012-07-20,90.48999786376953,89.83999633789062,90.18000030517578,89.98999786376953,3024800.0,70.86650848388672
2012-07-23,89.55999755859375,87.77999877929688,88.44000244140625,89.36000061035156,2434800.0,70.370361328125
2012-07-24,89.51000213623047,87.58000183105469,89.27999877929688,88.23999786376953,2850400.0,69.48838806152344
2012-07-25,89.16000366210938,87.95999908447266,88.69000244140625,88.75,3541200.0,69.89000701904297
2012-07-26,92.0,89.52999877929688,90.0,90.58999633789062,4759400.0,71.3389892578125
2012-07-27,92.08000183105469,90.66000366210938,90.94000244140625,91.70999908447266,3915400.0,72.22097778320312
2012-07-30,91.94999694824219,90.91000366210938,91.41000366210938,91.27999877929688,2714900.0,71.88236236572266
2012-07-31,91.66000366210938,90.87000274658203,91.0,91.2300033569336,2720200.0,71.84300994873047
2012-08-01,91.80000305175781,90.61000061035156,91.6500015258789,91.19999694824219,2149700.0,71.81937408447266
2012-08-02,90.7300033569336,89.2300033569336,90.11000061035156,90.08000183105469,2949800.0,70.9373779296875
2012-08-03,91.79000091552734,91.01000213623047,91.02999877929688,91.69999694824219,2713500.0,72.21311950683594
2012-08-06,92.33999633789062,91.41000366210938,92.0,91.41000366210938,1858500.0,71.98473358154297
2012-08-07,92.30999755859375,91.62000274658203,91.69999694824219,91.69999694824219,1764800.0,72.21311950683594
2012-08-08,92.08000183105469,91.25,91.4800033569336,91.62999725341797,2022300.0,72.15799713134766
2012-08-09,92.06999969482422,91.33000183105469,91.5,91.58999633789062,1834900.0,72.1264877319336
2012-08-10,92.30000305175781,90.94999694824219,91.37000274658203,92.29000091552734,1755100.0,72.67774200439453
2012-08-13,92.58999633789062,91.73999786376953,92.29000091552734,92.4000015258789,2075400.0,72.76435089111328
2012-08-14,92.5,92.01000213623047,92.36000061035156,92.30000305175781,1843500.0,72.68560791015625
2012-08-15,92.73999786376953,91.94000244140625,92.0,92.54000091552734,1983400.0,72.87462615966797
2012-08-16,93.87000274658203,92.20999908447266,92.75,93.73999786376953,3395200.0,73.8196029663086
2012-08-17,94.30000305175781,93.58999633789062,93.93000030517578,94.23999786376953,3069600.0,74.21334838867188
2012-08-20,94.16999816894531,93.55000305175781,94.0,93.88999938964844,1639500.0,73.9377212524414
2012-08-21,94.0999984741211,92.98999786376953,93.9800033569336,93.20999908447266,2302800.0,73.4022445678711
2012-08-22,93.36000061035156,92.43000030517578,92.55999755859375,92.68000030517578,2464000.0,73.44977569580078
2012-08-23,92.68000030517578,91.79000091552734,92.6500015258789,91.9800033569336,1823500.0,72.89501953125
2012-08-24,92.97000122070312,91.94000244140625,92.02999877929688,92.83000183105469,1945800.0,73.56864929199219
2012-08-27,92.97000122070312,92.4000015258789,92.91999816894531,92.58999633789062,1880000.0,73.37843322753906
2012-08-28,92.7699966430664,92.19999694824219,92.36000061035156,92.30000305175781,1913000.0,73.14862823486328
2012-08-29,92.80000305175781,92.30000305175781,92.5,92.43000030517578,1736000.0,73.25166320800781
2012-08-30,92.1500015258789,91.30000305175781,92.05000305175781,91.76000213623047,1729600.0,72.72065734863281
2012-08-31,93.0,91.9000015258789,92.44000244140625,92.5999984741211,1917300.0,73.3863754272461
2012-09-04,92.33000183105469,91.0999984741211,92.02999877929688,91.68000030517578,2532300.0,72.65725708007812
2012-09-05,91.98999786376953,91.11000061035156,91.91999816894531,91.75,2985500.0,72.71275329589844
2012-09-06,93.37999725341797,92.05999755859375,92.37000274658203,93.27999877929688,3223400.0,73.92527770996094
2012-09-07,93.6500015258789,92.69999694824219,93.37999725341797,92.81999969482422,3215400.0,73.56074523925781
2012-09-10,92.30999755859375,90.61000061035156,92.2699966430664,90.66999816894531,6356100.0,71.85682678222656
2012-09-11,91.58999633789062,90.6500015258789,90.7300033569336,91.16999816894531,2403400.0,72.25308990478516
2012-09-12,91.66000366210938,90.45999908447266,91.5999984741211,90.80999755859375,2409600.0,71.96778869628906
2012-09-13,92.43000030517578,90.45999908447266,90.91999816894531,92.05999755859375,2729300.0,72.95841979980469
2012-09-14,93.9800033569336,92.55999755859375,92.86000061035156,93.9800033569336,4993000.0,74.48005676269531
2012-09-17,94.08999633789062,93.48999786376953,93.66000366210938,93.77999877929688,3290300.0,74.321533203125
2012-09-18,93.98999786376953,93.22000122070312,93.77999877929688,93.43000030517578,2477500.0,74.04415130615234
2012-09-19,94.05999755859375,92.7300033569336,92.87999725341797,93.62999725341797,2723500.0,74.20268249511719
2012-09-20,93.62999725341797,92.91000366210938,93.19999694824219,93.58000183105469,2075600.0,74.16305541992188
2012-09-21,94.06999969482422,92.94000244140625,94.05999755859375,93.20999908447266,9547000.0,73.86983489990234
2012-09-24,94.08999633789062,92.76000213623047,92.8499984741211,93.7300033569336,3037400.0,74.28192138671875
2012-09-25,94.0999984741211,92.72000122070312,93.94999694824219,92.83000183105469,3800400.0,73.56864929199219
2012-09-26,93.4000015258789,92.54000091552734,92.87999725341797,92.58999633789062,2612900.0,73.37843322753906
2012-09-27,93.20999908447266,91.95999908447266,92.88999938964844,92.81999969482422,2081400.0,73.56074523925781
2012-09-28,92.86000061035156,91.69999694824219,92.47000122070312,92.41999816894531,2559500.0,73.24372100830078
2012-10-01,94.2699966430664,92.20999908447266,92.9000015258789,93.29000091552734,3900600.0,73.9332046508789
2012-10-02,94.29000091552734,93.0999984741211,94.2300033569336,93.54000091552734,3602300.0,74.1313247680664
2012-10-03,94.0,93.0,93.80999755859375,93.77999877929688,2610300.0,74.321533203125
2012-10-04,94.52999877929688,93.66000366210938,94.05000305175781,94.43000030517578,2531400.0,74.83667755126953
2012-10-05,95.19999694824219,94.44999694824219,94.73999786376953,94.95999908447266,3663600.0,75.25668334960938
2012-10-08,95.45999908447266,94.5,94.55000305175781,95.37000274658203,2607600.0,75.58163452148438
2012-10-09,95.29000091552734,93.9000015258789,95.29000091552734,93.94000244140625,2989500.0,74.4483413696289
2012-10-10,94.0,93.1500015258789,93.94999694824219,93.27999877929688,2561600.0,73.92527770996094
2012-10-11,93.87000274658203,92.77999877929688,93.86000061035156,92.83000183105469,2429200.0,73.56864929199219
2012-10-12,93.33999633789062,92.4000015258789,92.94999694824219,92.75,2566100.0,73.5052719116211
2012-10-15,93.05999755859375,92.37000274658203,92.70999908447266,92.79000091552734,2916300.0,73.5369644165039
2012-10-16,94.33999633789062,93.29000091552734,94.0199966430664,94.2300033569336,2857500.0,74.67817687988281
2012-10-17,95.0999984741211,94.55000305175781,94.94000244140625,94.80999755859375,3191800.0,75.13783264160156
2012-10-18,95.0,94.16999816894531,94.68000030517578,94.73999786376953,2538800.0,75.08233642578125
2012-10-19,94.61000061035156,92.69000244140625,94.61000061035156,92.94000244140625,3804100.0,73.65580749511719
2012-10-22,93.05999755859375,91.5,92.41000366210938,92.52999877929688,3130800.0,73.3309097290039
2012-10-23,90.5199966430664,88.58000183105469,89.66999816894531,88.7300033569336,5866000.0,70.3193588256836
2012-10-24,89.54000091552734,88.1500015258789,89.02999877929688,88.38999938964844,3321300.0,70.0499038696289
2012-10-25,88.83999633789062,87.41000366210938,88.56999969482422,87.80999755859375,4613900.0,69.59024810791016
2012-10-26,88.54000091552734,87.58999633789062,87.9000015258789,88.02999877929688,3592600.0,69.76459503173828
2012-10-31,88.69000244140625,87.48999786376953,88.02999877929688,87.5999984741211,3360400.0,69.42383575439453
2012-11-01,89.4000015258789,87.83999633789062,87.94000244140625,89.25,3306600.0,70.73145294189453
2012-11-02,89.97000122070312,88.77999877929688,89.61000061035156,88.97000122070312,3051900.0,70.50958251953125
2012-11-05,89.83999633789062,88.08000183105469,88.08000183105469,89.5999984741211,2387800.0,71.00887298583984
2012-11-06,91.2300033569336,89.87000274658203,89.94999694824219,90.86000061035156,2806100.0,72.0074234008789
2012-11-07,90.33999633789062,88.70999908447266,90.33999633789062,89.37999725341797,4593100.0,70.8344955444336
2012-11-08,89.83000183105469,88.45999908447266,89.11000061035156,88.55000305175781,3005900.0,70.17671203613281
2012-11-09,89.55999755859375,88.0999984741211,88.5999984741211,88.80999755859375,3176400.0,70.38276672363281
2012-11-12,89.66999816894531,88.5,88.95999908447266,89.18000030517578,2220100.0,70.67598724365234
2012-11-13,90.19000244140625,88.36000061035156,88.5999984741211,89.08000183105469,2985900.0,70.59674072265625
2012-11-14,89.37999725341797,87.06999969482422,89.16999816894531,87.30999755859375,2882700.0,69.19400787353516
2012-11-15,88.29000091552734,86.73999786376953,86.73999786376953,88.0199966430664,3291600.0,69.75666809082031
2012-11-16,89.37999725341797,87.75,88.12000274658203,88.5,5237100.0,70.1370849609375
2012-11-19,89.69999694824219,88.7699966430664,89.25,89.56999969482422,2688600.0,70.98507690429688
2012-11-20,89.68000030517578,88.4000015258789,89.08000183105469,89.0199966430664,2035100.0,71.01699829101562
2012-11-21,89.1500015258789,88.66000366210938,89.08000183105469,88.94000244140625,2011300.0,70.95317077636719
2012-11-23,90.33000183105469,89.1500015258789,89.29000091552734,90.27999877929688,1101100.0,72.02217102050781
2012-11-26,90.25,89.54000091552734,89.54000091552734,90.08999633789062,1910200.0,71.87059020996094
2012-11-27,90.95999908447266,90.12000274658203,90.19000244140625,90.30999755859375,2504200.0,72.04608154296875
2012-11-28,91.0,89.4800033569336,90.0999984741211,90.93000030517578,2426200.0,72.54073333740234
2012-11-29,91.97000122070312,90.51000213623047,91.3499984741211,90.6500015258789,2364000.0,72.31732177734375
2012-11-30,91.19000244140625,90.48999786376953,90.68000030517578,90.94999694824219,2284900.0,72.55667114257812
2012-12-03,91.68000030517578,90.12000274658203,91.41000366210938,90.30000305175781,1929200.0,72.03813934326172
2012-12-04,90.69000244140625,90.0,90.30999755859375,90.12000274658203,1969800.0,71.89452362060547
2012-12-05,91.19999694824219,89.5999984741211,90.30000305175781,90.76000213623047,2996600.0,72.40510559082031
2012-12-06,91.08999633789062,90.30999755859375,90.80000305175781,90.94999694824219,2027700.0,72.55667114257812
2012-12-07,91.66999816894531,90.68000030517578,91.23999786376953,91.51000213623047,2476400.0,73.00342559814453
2012-12-10,92.4800033569336,91.3499984741211,91.37000274658203,91.87000274658203,2847700.0,73.29061889648438
2012-12-11,93.9000015258789,92.5,92.6500015258789,93.68000030517578,3821600.0,74.73455810546875
2012-12-12,94.0,92.5199966430664,93.72000122070312,93.12000274658203,4064900.0,74.28783416748047
2012-12-13,93.44999694824219,92.16000366210938,92.94999694824219,92.5,2621400.0,73.793212890625
2012-12-14,92.58000183105469,92.0,92.0,92.27999877929688,2709000.0,73.61769104003906
2012-12-17,93.11000061035156,92.12999725341797,92.38999938964844,93.02999877929688,2750700.0,74.21602630615234
2012-12-18,94.0,93.0,93.12999725341797,93.8499984741211,2800000.0,74.87020874023438
2012-12-19,93.9800033569336,92.97000122070312,93.91999816894531,93.0199966430664,3254800.0,74.20802307128906
2012-12-20,94.13999938964844,93.20999908447266,93.3499984741211,94.12999725341797,3289800.0,75.09355163574219
2012-12-21,93.66000366210938,91.94000244140625,92.77999877929688,93.0999984741211,5975500.0,74.27186584472656
2012-12-24,93.72000122070312,92.69000244140625,92.69999694824219,93.19000244140625,953400.0,74.34366607666016
2012-12-26,93.7300033569336,92.75,93.3499984741211,93.06999969482422,1542900.0,74.24794006347656
2012-12-27,93.16999816894531,91.66999816894531,93.11000061035156,92.63999938964844,2360900.0,73.90489959716797
2012-12-28,92.80000305175781,91.61000061035156,91.9800033569336,91.77999877929688,1877300.0,73.21881866455078
2012-12-31,92.91999816894531,91.4000015258789,91.55000305175781,92.8499984741211,2580600.0,74.07241821289062
2013-01-02,94.79000091552734,93.95999908447266,94.19000244140625,94.77999877929688,3206700.0,75.61212921142578
2013-01-03,94.93000030517578,94.12999725341797,94.33999633789062,94.66999816894531,2704600.0,75.52437591552734
2013-01-04,95.4800033569336,94.54000091552734,94.79000091552734,95.37000274658203,2704900.0,76.08280181884766
2013-01-07,95.7300033569336,94.76000213623047,95.0199966430664,95.48999786376953,2745800.0,76.17852020263672
2013-01-08,95.75,95.0999984741211,95.16999816894531,95.5,2655500.0,76.1865005493164
2013-01-09,96.73999786376953,95.70999908447266,95.87000274658203,96.41000366210938,2359700.0,76.91249084472656
2013-01-10,96.98999786376953,96.33000183105469,96.70999908447266,96.88999938964844,2600600.0,77.29537963867188
2013-01-11,96.66000366210938,95.20999908447266,95.83999633789062,96.27999877929688,2923900.0,76.80876159667969
2013-01-14,97.38999938964844,96.0999984741211,96.4000015258789,97.08000183105469,2592500.0,77.44696807861328
2013-01-15,97.4000015258789,96.56999969482422,96.83000183105469,97.29000091552734,2106400.0,77.6145248413086
2013-01-16,97.69999694824219,96.91999816894531,97.0,97.5999984741211,2092300.0,77.86180877685547
2013-01-17,98.5,97.51000213623047,97.79000091552734,98.08000183105469,2803900.0,78.24474334716797
2013-01-18,98.80000305175781,98.04000091552734,98.41999816894531,98.73999786376953,3187900.0,78.77124786376953
2013-01-22,99.33000183105469,98.0999984741211,98.38999938964844,99.33000183105469,3215200.0,79.241943359375
2013-01-23,99.69999694824219,98.80999755859375,98.97000122070312,99.48999786376953,3579300.0,79.36957550048828
2013-01-24,99.81999969482422,98.80000305175781,99.37999725341797,99.66999816894531,3816300.0,79.51316833496094
2013-01-25,100.87000274658203,99.58000183105469,99.79000091552734,100.58999633789062,4237800.0,80.24710083007812
2013-01-28,100.9800033569336,100.2699966430664,100.9800033569336,100.6500015258789,2964900.0,80.29498291015625
2013-01-29,101.87000274658203,100.05999755859375,100.33000183105469,101.80999755859375,3530700.0,81.22038269042969
2013-01-30,101.94999694824219,100.69000244140625,101.80000305175781,100.80000305175781,2822800.0,80.41465759277344
2013-01-31,100.94999694824219,100.06999969482422,100.69000244140625,100.55000305175781,3763100.0,80.21520233154297
2013-02-01,101.98999786376953,101.16000366210938,101.44000244140625,101.55999755859375,3853600.0,81.02095794677734
2013-02-04,101.20999908447266,100.58000183105469,100.7699966430664,100.7699966430664,1987600.0,80.39073181152344
2013-02-05,101.91999816894531,101.25,101.30999755859375,101.48999786376953,2833100.0,80.96512603759766
2013-02-06,102.98999786376953,101.08000183105469,101.12999725341797,102.69000244140625,3510600.0,81.92241668701172
2013-02-07,102.73999786376953,101.45999908447266,102.6500015258789,102.22000122070312,2277600.0,81.54747772216797
2013-02-08,103.33000183105469,102.04000091552734,102.33999633789062,102.66000366210938,1937800.0,81.89849090576172
2013-02-11,102.87999725341797,102.04000091552734,102.38999938964844,102.62000274658203,1715500.0,81.86658477783203
2013-02-12,103.58999633789062,102.62999725341797,102.66000366210938,103.45999908447266,1928000.0,82.53669738769531
2013-02-13,103.38999938964844,102.58000183105469,103.02999877929688,102.86000061035156,1699900.0,82.56480407714844
2013-02-14,103.13999938964844,102.22000122070312,102.43000030517578,102.77999877929688,2217500.0,82.5005874633789
2013-02-15,103.37999725341797,102.62000274658203,103.05999755859375,103.2300033569336,2326200.0,82.8617935180664
2013-02-19,104.38999938964844,103.31999969482422,103.41999816894531,104.18000030517578,2988500.0,83.62434387207031
2013-02-20,104.4000015258789,103.1500015258789,104.18000030517578,103.1500015258789,2995400.0,82.79759216308594
2013-02-21,103.13999938964844,102.38999938964844,102.87999725341797,102.72000122070312,2758000.0,82.4524154663086
2013-02-22,103.69999694824219,102.81999969482422,102.98999786376953,103.54000091552734,2158100.0,83.11062622070312
2013-02-25,104.04000091552734,101.75,103.91000366210938,101.75,3021900.0,81.6738052368164
2013-02-26,102.66000366210938,101.91000366210938,102.11000061035156,102.30999755859375,2471900.0,82.12330627441406
2013-02-27,103.93000030517578,101.94999694824219,102.0999984741211,103.56999969482422,2353700.0,83.13468933105469
2013-02-28,104.55999755859375,103.13999938964844,103.5999984741211,104.0,2870100.0,83.4798583984375
2013-03-01,103.94000244140625,102.72000122070312,103.38999938964844,103.7699966430664,2660400.0,83.29523468017578
2013-03-04,103.51000213623047,102.58999633789062,103.51000213623047,103.27999877929688,2566300.0,82.90190124511719
2013-03-05,104.80999755859375,103.6500015258789,103.76000213623047,104.44999694824219,2632200.0,83.841064453125
2013-03-06,105.41999816894531,104.47000122070312,104.7300033569336,104.66000366210938,3470300.0,84.0096435546875
2013-03-07,105.1500015258789,104.48999786376953,104.80000305175781,104.54000091552734,1875200.0,83.91329956054688
2013-03-08,105.80999755859375,104.81999969482422,105.0,105.70999908447266,2357200.0,84.85247802734375
2013-03-11,105.95999908447266,105.33000183105469,105.33000183105469,105.80999755859375,1720600.0,84.9327392578125
2013-03-12,105.9800033569336,104.95999908447266,105.81999969482422,105.12999725341797,2226800.0,84.38690948486328
2013-03-13,105.56999969482422,104.87999725341797,105.12999725341797,105.08999633789062,2059600.0,84.35479736328125
2013-03-14,106.0199966430664,105.26000213623047,105.33000183105469,106.0199966430664,2203400.0,85.1012954711914
2013-03-15,106.87999725341797,105.8499984741211,105.9000015258789,106.4000015258789,5148400.0,85.40631866455078
2013-03-18,105.95999908447266,105.22000122070312,105.2300033569336,105.41000366210938,1811400.0,84.6116714477539
2013-03-19,105.9800033569336,104.63999938964844,105.83000183105469,105.18000030517578,3211400.0,84.42703247070312
2013-03-20,106.16999816894531,105.37999725341797,105.91000366210938,105.66000366210938,1799500.0,84.81233978271484
2013-03-21,105.45999908447266,104.72000122070312,105.38999938964844,104.94000244140625,1937300.0,84.23439025878906
2013-03-22,106.48999786376953,105.0999984741211,105.0999984741211,106.41999816894531,2409800.0,85.42239379882812
2013-03-25,106.80000305175781,104.68000030517578,106.52999877929688,105.16999816894531,3739200.0,84.41901397705078
2013-03-26,106.22000122070312,105.41000366210938,105.41000366210938,106.06999969482422,1893500.0,85.14144897460938
2013-03-27,105.5,104.97000122070312,105.3499984741211,105.29000091552734,2129500.0,84.51535034179688
2013-03-28,106.33999633789062,105.27999877929688,105.66999816894531,106.30999755859375,2276700.0,85.3340835571289
2013-04-01,106.16999816894531,105.41999816894531,106.0,105.6500015258789,1684300.0,84.8043212890625
2013-04-02,106.80000305175781,105.79000091552734,105.80000305175781,106.5199966430664,2097500.0,85.50263214111328
2013-04-03,106.97000122070312,105.43000030517578,106.5999984741211,105.68000030517578,3278900.0,84.82837677001953
2013-04-04,106.22000122070312,105.30000305175781,105.81999969482422,105.81999969482422,1771200.0,84.94076538085938
2013-04-05,105.87999725341797,104.3499984741211,104.44999694824219,105.77999877929688,2477800.0,84.90866088867188
2013-04-08,106.41999816894531,105.0999984741211,105.86000061035156,105.75,1947700.0,84.88457489013672
2013-04-09,106.69000244140625,105.38999938964844,106.0,105.94999694824219,2370600.0,85.04511260986328
2013-04-10,107.93000030517578,106.02999877929688,106.08999633789062,107.69000244140625,3262400.0,86.44175720214844
2013-04-11,108.72000122070312,107.86000061035156,107.86000061035156,108.25,2137800.0,86.89130401611328
2013-04-12,108.2699966430664,107.30999755859375,107.88999938964844,107.68000030517578,2111400.0,86.43376922607422
2013-04-15,107.91000366210938,105.73999786376953,107.1500015258789,105.76000213623047,3677400.0,84.89260864257812
2013-04-16,106.8499984741211,105.69999694824219,106.69000244140625,106.1500015258789,2636800.0,85.20562744140625
2013-04-17,105.80000305175781,104.93000030517578,105.47000122070312,105.4800033569336,3155300.0,84.66786193847656
2013-04-18,105.97000122070312,104.27999877929688,105.83999633789062,104.9800033569336,3144700.0,84.26651000976562
2013-04-19,105.87999725341797,104.81999969482422,105.30999755859375,105.70999908447266,3323000.0,84.85247802734375
2013-04-22,106.0999984741211,105.13999938964844,105.70999908447266,105.80000305175781,2646800.0,84.9247055053711
2013-04-23,107.51000213623047,105.86000061035156,106.23999786376953,107.38999938964844,3209800.0,86.20099639892578
2013-04-24,108.1500015258789,107.23999786376953,107.61000061035156,107.87000274658203,3238200.0,86.58629608154297
2013-04-25,105.63999938964844,103.5,104.45999908447266,104.87999725341797,9027000.0,84.18621826171875
2013-04-26,105.18000030517578,103.45999908447266,104.97000122070312,103.79000091552734,3359400.0,83.3113021850586
2013-04-29,104.19999694824219,102.88999938964844,103.91000366210938,103.83000183105469,2903700.0,83.34341430664062
2013-04-30,104.73999786376953,102.97000122070312,103.9800033569336,104.70999908447266,3768800.0,84.04976654052734
2013-05-01,105.12000274658203,104.41999816894531,104.77999877929688,104.55000305175781,3258900.0,83.92134857177734
2013-05-02,106.37999725341797,104.91000366210938,105.04000091552734,106.04000091552734,3119500.0,85.11736297607422
2013-05-03,108.5999984741211,106.8499984741211,106.95999908447266,107.83000183105469,3013100.0,86.55418395996094
2013-05-06,107.98999786376953,107.44999694824219,107.62999725341797,107.83999633789062,2174400.0,86.56221771240234
2013-05-07,108.37000274658203,107.55000305175781,107.61000061035156,108.01000213623047,2235200.0,86.69865417480469
2013-05-08,108.29000091552734,107.7699966430664,108.02999877929688,108.19999694824219,2654400.0,86.85118103027344
2013-05-09,110.51000213623047,108.11000061035156,108.11000061035156,109.91999816894531,4487000.0,88.23182678222656
2013-05-10,110.63999938964844,109.75,110.08000183105469,110.4800033569336,2993300.0,88.68131256103516
2013-05-13,110.72000122070312,109.70999908447266,109.98999786376953,110.5,2044400.0,88.69734954833984
2013-05-14,110.79000091552734,110.2699966430664,110.31999969482422,110.58999633789062,2481000.0,88.76958465576172
2013-05-15,111.70999908447266,110.29000091552734,110.4000015258789,111.5,2912600.0,89.50003814697266
2013-05-16,111.69999694824219,110.94999694824219,111.20999908447266,111.06999969482422,2685900.0,89.15489959716797
2013-05-17,111.77999877929688,110.94000244140625,111.16000366210938,111.38999938964844,4060400.0,89.41175079345703
2013-05-20,112.05999755859375,110.95999908447266,111.12999725341797,111.72000122070312,2457300.0,89.6766357421875
2013-05-21,112.33999633789062,111.5199966430664,112.11000061035156,112.01000213623047,2473300.0,89.90941619873047
2013-05-22,112.29000091552734,110.56999969482422,111.58999633789062,110.79000091552734,3833200.0,89.43717193603516
2013-05-23,110.69999694824219,109.58000183105469,110.05999755859375,110.41000366210938,2568400.0,89.13040924072266
2013-05-24,110.48999786376953,109.48999786376953,109.86000061035156,110.2699966430664,2228400.0,89.01736450195312
2013-05-28,112.37999725341797,111.04000091552734,111.1500015258789,111.58999633789062,2722000.0,90.08296966552734
2013-05-29,111.36000061035156,110.4800033569336,111.04000091552734,111.12999725341797,2113600.0,89.71162414550781
2013-05-30,112.0,111.01000213623047,111.33999633789062,111.41999816894531,2599200.0,89.94573974609375
2013-05-31,112.20999908447266,110.2699966430664,110.79000091552734,110.2699966430664,3207700.0,89.01736450195312
2013-06-03,110.94999694824219,109.69000244140625,110.69999694824219,110.61000061035156,2647100.0,89.2918701171875
2013-06-04,111.19999694824219,109.52999877929688,110.6500015258789,110.0199966430664,2508500.0,88.81556701660156
2013-06-05,109.88999938964844,108.38999938964844,109.80000305175781,108.58999633789062,2690400.0,87.66117858886719
2013-06-06,108.77999877929688,107.63999938964844,108.45999908447266,108.66999816894531,2680800.0,87.72578430175781
2013-06-07,111.12000274658203,108.97000122070312,109.37999725341797,111.11000061035156,3374900.0,89.69548797607422
2013-06-10,111.44999694824219,110.54000091552734,111.41000366210938,110.80999755859375,2224100.0,89.45333099365234
2013-06-11,111.08000183105469,109.51000213623047,109.9000015258789,110.22000122070312,1752100.0,88.97702026367188
2013-06-12,111.05999755859375,108.94999694824219,110.98999786376953,109.02999877929688,2400700.0,88.016357421875
2013-06-13,111.44000244140625,108.58000183105469,108.94999694824219,111.19999694824219,2604200.0,89.76815032958984
2013-06-14,112.06999969482422,110.75,111.30000305175781,111.02999877929688,2016800.0,89.63090515136719
2013-06-17,112.87000274658203,111.63999938964844,111.8499984741211,111.91000366210938,2617800.0,90.34130859375
2013-06-18,113.2300033569336,111.9000015258789,112.06999969482422,112.97000122070312,1695300.0,91.197021484375
2013-06-19,113.25,111.52999877929688,112.95999908447266,111.56999969482422,1971700.0,90.06684112548828
2013-06-20,110.76000213623047,108.5199966430664,110.70999908447266,108.77999877929688,2975600.0,87.8145751953125
2013-06-21,110.05999755859375,108.73999786376953,109.5,109.58999633789062,4674400.0,88.46843719482422
2013-06-24,108.77999877929688,107.1500015258789,108.77999877929688,107.5,3602500.0,86.7812728881836
2013-06-25,108.75,107.54000091552734,108.19999694824219,108.23999786376953,2676700.0,87.3786392211914
2013-06-26,109.9800033569336,108.7300033569336,109.06999969482422,109.68000030517578,2524400.0,88.54109954833984
2013-06-27,110.9000015258789,109.97000122070312,110.54000091552734,110.23999786376953,2229600.0,88.99317169189453
2013-06-28,110.47000122070312,109.13999938964844,109.86000061035156,109.3499984741211,3428500.0,88.27471923828125
2013-07-01,110.36000061035156,108.36000061035156,108.37000274658203,109.30999755859375,2668800.0,88.24242401123047
2013-07-02,109.75,108.33000183105469,109.05000305175781,108.7300033569336,3008800.0,87.77420043945312
2013-07-03,109.9000015258789,108.20999908447266,108.27999877929688,109.44999694824219,1358800.0,88.35543823242188
2013-07-05,111.55999755859375,109.87000274658203,110.37000274658203,111.54000091552734,2064500.0,90.0426025390625
2013-07-08,112.77999877929688,111.9000015258789,112.0,112.12999725341797,2571600.0,90.51889038085938
2013-07-09,113.5199966430664,112.79000091552734,113.08999633789062,113.3499984741211,2196200.0,91.50375366210938
2013-07-10,113.87999725341797,112.91000366210938,113.37999725341797,113.43000030517578,2307500.0,91.56835174560547
2013-07-11,114.75,114.16999816894531,114.36000061035156,114.52999877929688,2387500.0,92.45633697509766
2013-07-12,115.23999786376953,114.2699966430664,114.56999969482422,115.13999938964844,2291700.0,92.94877624511719
2013-07-15,115.48999786376953,114.75,115.13999938964844,114.8499984741211,2064400.0,92.71467590332031
2013-07-16,115.44000244140625,114.05999755859375,114.98999786376953,114.33999633789062,2458400.0,92.30297088623047
2013-07-17,115.2699966430664,114.30999755859375,114.97000122070312,114.63999938964844,2096600.0,92.54513549804688
2013-07-18,115.75,114.56999969482422,114.61000061035156,115.4800033569336,2945800.0,93.22322845458984
2013-07-19,116.47000122070312,115.33999633789062,115.33999633789062,116.19000244140625,3093900.0,93.79642486572266
2013-07-22,116.81999969482422,115.66000366210938,116.0,116.27999877929688,2823500.0,93.86906433105469
2013-07-23,117.30000305175781,116.01000213623047,116.44000244140625,116.75,2254400.0,94.24847412109375
2013-07-24,117.08999633789062,116.05999755859375,117.06999969482422,116.33000183105469,1808800.0,93.90943908691406
2013-07-25,116.9000015258789,114.83999633789062,115.30000305175781,116.55000305175781,3346700.0,94.08704376220703
2013-07-26,116.93000030517578,115.33999633789062,116.16999816894531,116.91000366210938,2332200.0,94.37767028808594
2013-07-29,116.80999755859375,116.05999755859375,116.41000366210938,116.61000061035156,1460400.0,94.13546752929688
2013-07-30,117.12000274658203,116.33000183105469,116.9000015258789,116.83999633789062,2285200.0,94.32112121582031
2013-07-31,118.5999984741211,117.01000213623047,117.12999725341797,117.43000030517578,2694000.0,94.79740905761719
2013-08-01,119.26000213623047,118.2699966430664,118.37999725341797,118.41000366210938,2997000.0,95.58855438232422
2013-08-02,118.3499984741211,117.47000122070312,117.9800033569336,118.26000213623047,1899300.0,95.46744537353516
2013-08-05,118.25,117.80999755859375,118.16999816894531,117.91999816894531,1351800.0,95.19298553466797
2013-08-06,117.94999694824219,117.13999938964844,117.81999969482422,117.5,1841100.0,94.85393524169922
2013-08-07,117.94999694824219,117.04000091552734,117.30000305175781,117.83000183105469,1934000.0,95.12030792236328
2013-08-08,119.0,117.63999938964844,118.2699966430664,118.68000030517578,2380600.0,95.8064956665039
2013-08-09,119.19999694824219,117.69999694824219,118.7300033569336,118.30999755859375,2460100.0,95.50782012939453
2013-08-12,118.76000213623047,117.72000122070312,118.0,118.37999725341797,1647400.0,95.56433868408203
2013-08-13,119.18000030517578,117.19000244140625,118.5199966430664,118.66999816894531,2023300.0,95.79842376708984
2013-08-14,118.91000366210938,117.56999969482422,118.9000015258789,117.62000274658203,2021400.0,94.95079803466797
2013-08-15,116.91999816894531,115.63999938964844,116.91999816894531,115.8499984741211,1994900.0,93.52194213867188
2013-08-16,116.20999908447266,115.63999938964844,115.68000030517578,115.9000015258789,2332800.0,93.56229400634766
2013-08-19,115.95999908447266,115.47000122070312,115.83000183105469,115.61000061035156,1829300.0,93.32820892333984
2013-08-20,115.88999938964844,115.19000244140625,115.5199966430664,115.41999816894531,2153600.0,93.17481231689453
2013-08-21,114.83999633789062,113.33999633789062,114.79000091552734,113.41999816894531,2293700.0,92.06680297851562
2013-08-22,114.88999938964844,113.33999633789062,113.61000061035156,114.66999816894531,2002000.0,93.08143615722656
2013-08-23,115.0,113.58999633789062,114.76000213623047,114.4000015258789,1953300.0,92.86231231689453
2013-08-26,115.16999816894531,114.04000091552734,114.37999725341797,114.33000183105469,1815700.0,92.80547332763672
2013-08-27,113.81999969482422,112.66999816894531,113.41000366210938,112.7300033569336,1907500.0,91.50669860839844
2013-08-28,113.41999816894531,112.36000061035156,112.51000213623047,113.0,1545800.0,91.72587585449219
2013-08-29,113.83000183105469,112.58000183105469,112.87000274658203,113.31999969482422,1457200.0,91.98562622070312
2013-08-30,113.73999786376953,112.8499984741211,113.61000061035156,113.58000183105469,2205600.0,92.1966781616211
2013-09-03,114.91999816894531,112.8499984741211,114.56999969482422,113.22000122070312,2168100.0,91.90445709228516
2013-09-04,114.86000061035156,113.08000183105469,113.08000183105469,114.55000305175781,2312200.0,92.98406982421875
2013-09-05,115.12000274658203,114.02999877929688,114.3499984741211,114.87000274658203,1947900.0,93.24382019042969
2013-09-06,115.81999969482422,113.88999938964844,115.08999633789062,115.04000091552734,1965600.0,93.38179779052734
2013-09-09,117.13999938964844,115.51000213623047,115.62999725341797,116.73999786376953,1976800.0,94.76175689697266
2013-09-10,117.87000274658203,117.06999969482422,117.30999755859375,117.58999633789062,2572800.0,95.45174407958984
2013-09-11,118.70999908447266,117.58999633789062,117.62999725341797,118.70999908447266,1889000.0,96.36085510253906
2013-09-12,118.91000366210938,118.0,118.80000305175781,118.19999694824219,2399700.0,95.9468765258789
2013-09-13,118.8499984741211,118.31999969482422,118.48999786376953,118.5999984741211,1973300.0,96.27157592773438
2013-09-16,120.0,119.05999755859375,119.79000091552734,119.2300033569336,2756300.0,96.78296661376953
2013-09-17,120.19000244140625,118.6500015258789,119.06999969482422,119.93000030517578,2436000.0,97.35116577148438
2013-09-18,121.51000213623047,119.87000274658203,120.25,121.29000091552734,3307700.0,98.45512390136719
2013-09-19,122.2699966430664,121.1500015258789,121.1500015258789,121.56999969482422,2912400.0,98.68241882324219
2013-09-20,121.93000030517578,120.01000213623047,121.5,120.01000213623047,6999000.0,97.41612243652344
2013-09-23,121.47000122070312,120.37000274658203,120.43000030517578,121.11000061035156,3468500.0,98.30902862548828
2013-09-24,121.87000274658203,120.69000244140625,121.23999786376953,120.80000305175781,3585100.0,98.0573959350586
2013-09-25,121.20999908447266,120.16999816894531,120.88999938964844,120.19999694824219,2173400.0,97.57034301757812
2013-09-26,121.0,119.91999816894531,120.5999984741211,120.66000366210938,2240900.0,97.94374084472656
2013-09-27,120.30000305175781,119.26000213623047,119.97000122070312,120.22000122070312,2028100.0,97.58659362792969
2013-09-30,119.95999908447266,118.66999816894531,119.38999938964844,119.41000366210938,2104700.0,96.92906951904297
2013-10-01,119.81999969482422,118.80000305175781,119.69000244140625,119.62000274658203,1854800.0,97.09954833984375
2013-10-02,119.58999633789062,118.44000244140625,119.12999725341797,119.19999694824219,2056500.0,96.75862121582031
2013-10-03,119.11000061035156,117.88999938964844,118.70999908447266,118.55000305175781,2525800.0,96.23098754882812
2013-10-04,119.70999908447266,118.12999725341797,118.37000274658203,119.4000015258789,1983700.0,96.92094421386719
2013-10-07,119.2699966430664,118.27999877929688,118.55999755859375,118.69000244140625,1931200.0,96.34465026855469
2013-10-08,119.22000122070312,117.0999984741211,118.72000122070312,117.16000366210938,2869000.0,95.1026840209961
2013-10-09,117.95999908447266,116.6500015258789,117.2699966430664,117.56999969482422,2499200.0,95.43548583984375
2013-10-10,119.33999633789062,118.31999969482422,118.5999984741211,119.33999633789062,2688800.0,96.87224578857422
2013-10-11,120.7699966430664,118.38999938964844,119.16000366210938,120.72000122070312,2492700.0,97.99246215820312
2013-10-14,121.69999694824219,120.0,120.26000213623047,121.4000015258789,1866800.0,98.54443359375
2013-10-15,121.37999725341797,119.79000091552734,121.27999877929688,119.81999969482422,2720500.0,97.26188659667969
2013-10-16,120.94000244140625,120.13999938964844,120.86000061035156,120.94000244140625,2646400.0,98.1710205078125
2013-10-17,122.87000274658203,120.70999908447266,120.73999786376953,122.62000274658203,2791700.0,99.53473663330078
2013-10-18,123.44999694824219,122.4000015258789,122.87000274658203,122.83999633789062,2590500.0,99.71332550048828
2013-10-21,123.30999755859375,122.68000030517578,122.79000091552734,123.25,1762200.0,100.046142578125
2013-10-22,124.31999969482422,123.27999877929688,123.36000061035156,123.80000305175781,2053500.0,100.4925765991211
2013-10-23,123.7300033569336,122.5,123.43000030517578,123.19999694824219,2337500.0,100.00555419921875
2013-10-24,124.95999908447266,122.69999694824219,122.95999908447266,123.48999786376953,3851100.0,100.24095153808594
2013-10-25,124.45999908447266,122.87000274658203,123.05000305175781,124.41999816894531,2054300.0,100.99585723876953
2013-10-28,125.31999969482422,123.80000305175781,124.12999725341797,124.91999816894531,2358400.0,101.40172576904297
2013-10-29,125.4800033569336,124.62000274658203,125.08000183105469,125.27999877929688,1986700.0,101.69395446777344
2013-10-30,125.9800033569336,124.76000213623047,125.56999969482422,124.79000091552734,2107700.0,101.29619598388672
2013-10-31,126.37999725341797,124.94999694824219,124.97000122070312,125.8499984741211,2327200.0,102.15664672851562
2013-11-01,126.93000030517578,125.12000274658203,126.76000213623047,125.9000015258789,1676600.0,102.19722747802734
2013-11-04,126.48999786376953,125.55999755859375,125.9800033569336,126.31999969482422,1741500.0,102.53816223144531
2013-11-05,126.45999908447266,124.86000061035156,125.75,126.12000274658203,1757900.0,102.37582397460938
2013-11-06,127.31999969482422,126.2300033569336,126.45999908447266,127.12999725341797,1910300.0,103.1956558227539
2013-11-07,127.87999725341797,126.2300033569336,127.1500015258789,126.41000366210938,3188900.0,102.61123657226562
2013-11-08,128.02000427246094,126.02999877929688,126.02999877929688,127.98999786376953,2234300.0,103.89376068115234
2013-11-11,128.1699981689453,127.25,127.54000091552734,127.94999694824219,1751500.0,103.86126708984375
2013-11-12,128.58999633789062,127.55000305175781,128.14999389648438,128.36000061035156,2428600.0,104.1941146850586
2013-11-13,128.66000366210938,127.43000030517578,127.86000061035156,128.58999633789062,2426300.0,104.38078308105469
2013-11-14,130.1199951171875,128.8000030517578,128.97000122070312,129.7899932861328,2569800.0,105.35488891601562
2013-11-15,130.0,128.97999572753906,129.14999389648438,129.85000610351562,2360400.0,105.4035873413086
2013-11-18,130.5,129.77999877929688,129.91000366210938,130.1300048828125,2148200.0,105.630859375
2013-11-19,130.77999877929688,129.9199981689453,130.02000427246094,130.0500030517578,2532500.0,105.56591033935547
2013-11-20,130.3000030517578,128.5500030517578,129.5,129.17999267578125,2691800.0,105.37420654296875
2013-11-21,130.41000366210938,129.58999633789062,129.69000244140625,130.35000610351562,1576100.0,106.3286361694336
2013-11-22,132.5500030517578,129.82000732421875,130.36000061035156,131.02000427246094,1644800.0,106.8751449584961
2013-11-25,131.8699951171875,130.94000244140625,131.8000030517578,131.22999572753906,2496300.0,107.04644012451172
2013-11-26,132.63999938964844,131.3300018310547,131.4499969482422,132.14999389648438,4229600.0,107.79688262939453
2013-11-27,133.64999389648438,131.94000244140625,132.6300048828125,133.5,2433500.0,108.89813232421875
2013-11-29,134.16000366210938,133.33999633789062,133.50999450683594,133.50999450683594,2029000.0,108.9062728881836
2013-12-02,132.0,127.38999938964844,131.6699981689453,127.68000030517578,6897900.0,104.15066528320312
2013-12-03,127.38999938964844,125.1500015258789,126.05999755859375,126.5999984741211,7864500.0,103.26969146728516
2013-12-04,127.58999633789062,125.48999786376953,125.94999694824219,126.45999908447266,3450700.0,103.15547180175781
2013-12-05,127.6500015258789,126.22000122070312,126.4000015258789,126.83000183105469,2842700.0,103.4572982788086
2013-12-06,128.8000030517578,127.8499984741211,128.19000244140625,128.61000061035156,2886100.0,104.90928649902344
2013-12-09,129.17999267578125,128.38999938964844,128.8000030517578,128.57000732421875,2064400.0,104.87665557861328
2013-12-10,128.52999877929688,127.52999877929688,128.07000732421875,127.55000305175781,2353100.0,104.04460906982422
2013-12-11,129.66000366210938,126.70999908447266,128.74000549316406,126.7699966430664,3897500.0,103.40836334228516
2013-12-12,127.38999938964844,125.9800033569336,126.62999725341797,126.58000183105469,2486700.0,103.25337982177734
2013-12-13,127.3499984741211,125.9800033569336,126.6500015258789,126.43000030517578,1743400.0,103.1309814453125
2013-12-16,128.77000427246094,126.47000122070312,126.7699966430664,127.66000366210938,2805300.0,104.13433074951172
2013-12-17,131.6199951171875,129.97999572753906,130.4199981689453,131.38999938964844,6206800.0,107.17697143554688
2013-12-18,135.80999755859375,131.47999572753906,131.47999572753906,135.8000030517578,5580000.0,110.77427673339844
2013-12-19,136.52000427246094,134.72999572753906,135.05999755859375,136.41000366210938,4080900.0,111.27188110351562
2013-12-20,138.08999633789062,136.60000610351562,136.77999877929688,136.72000122070312,5856800.0,111.52471160888672
2013-12-23,137.42999267578125,136.32000732421875,137.10000610351562,136.8000030517578,3439600.0,111.5899887084961
2013-12-24,137.33999633789062,136.35000610351562,137.22999572753906,136.99000549316406,1311700.0,111.74500274658203
2013-12-26,138.67999267578125,137.02999877929688,137.3000030517578,138.2899932861328,2158200.0,112.8053970336914
2013-12-27,139.39999389648438,138.5500030517578,138.77999877929688,139.35000610351562,1894900.0,113.67007446289062
2013-12-30,139.64999389648438,138.7899932861328,139.0800018310547,139.4199981689453,1714300.0,113.7271728515625
2013-12-31,140.42999267578125,139.47999572753906,140.0,140.25,1846500.0,114.40423583984375
2014-01-02,139.0,137.61000061035156,138.0500030517578,138.1300048828125,3052100.0,112.67489624023438
2014-01-03,138.8800048828125,138.02999877929688,138.3699951171875,138.4499969482422,2133300.0,112.9359130859375
2014-01-06,139.2899932861328,137.47999572753906,138.75,137.6300048828125,2712100.0,112.26704406738281
2014-01-07,138.1999969482422,137.1300048828125,137.4499969482422,137.64999389648438,2525500.0,112.28334045410156
2014-01-08,137.75,136.33999633789062,137.47999572753906,136.6300048828125,3122700.0,111.45132446289062
2014-01-09,137.42999267578125,136.1999969482422,137.02000427246094,136.4499969482422,2539900.0,111.30448913574219
2014-01-10,137.19000244140625,135.67999267578125,136.9499969482422,136.17999267578125,3254300.0,111.08427429199219
2014-01-13,137.05999755859375,134.57000732421875,135.80999755859375,134.67999267578125,2633400.0,109.86066436767578
2014-01-14,137.41000366210938,134.74000549316406,135.11000061035156,137.41000366210938,2479700.0,112.08758544921875
2014-01-15,138.82000732421875,137.55999755859375,137.77000427246094,138.44000244140625,3025900.0,112.92774963378906
2014-01-16,138.5,137.6300048828125,137.74000549316406,138.16000366210938,1792700.0,112.69937133789062
2014-01-17,138.75,136.97999572753906,137.97999572753906,137.30999755859375,2327900.0,112.00601959228516
2014-01-21,138.9499969482422,136.3000030517578,138.4499969482422,136.99000549316406,2705700.0,111.74500274658203
2014-01-22,137.49000549316406,136.3300018310547,137.35000610351562,136.47999572753906,2118800.0,111.3289566040039
2014-01-23,135.66000366210938,133.9499969482422,135.63999938964844,134.7100067138672,2720300.0,109.88514709472656
2014-01-24,133.72999572753906,130.22000122070312,133.72999572753906,130.22000122070312,3776100.0,106.22257232666016
2014-01-27,130.58999633789062,128.66000366210938,130.02000427246094,128.9600067138672,3312800.0,105.19477844238281
2014-01-28,130.00999450683594,129.10000610351562,129.42999267578125,129.80999755859375,2734200.0,105.88813018798828
2014-01-29,131.27000427246094,129.0,130.10000610351562,130.25,3584000.0,106.24703979492188
2014-01-30,129.9600067138672,126.52999877929688,129.9600067138672,128.0500030517578,4102600.0,104.45247650146484
2014-01-31,129.1999969482422,126.41999816894531,126.5999984741211,128.19000244140625,3715400.0,104.56668090820312
2014-02-03,128.58999633789062,123.61000061035156,128.22000122070312,123.9000015258789,4245100.0,101.06725311279297
2014-02-04,127.63999938964844,124.12000274658203,126.08999633789062,126.72000122070312,7412500.0,103.36756134033203
2014-02-05,128.75999450683594,125.91999816894531,128.00999450683594,127.36000061035156,4960000.0,103.88964080810547
2014-02-06,129.1999969482422,127.0999984741211,127.5999984741211,128.89999389648438,3828400.0,105.14581298828125
2014-02-07,130.38999938964844,128.80999755859375,129.57000732421875,130.3300018310547,3263200.0,106.31231689453125
2014-02-10,130.41000366210938,129.02000427246094,129.64999389648438,129.6999969482422,3317400.0,105.79840850830078
2014-02-11,131.49000549316406,129.64999389648438,129.6999969482422,130.97999572753906,2604000.0,106.84251403808594
2014-02-12,131.0,130.00999450683594,130.33999633789062,130.44000244140625,2100600.0,107.10116577148438
2014-02-13,130.3800048828125,128.66000366210938,129.2899932861328,130.13999938964844,2850600.0,106.8548583984375
2014-02-14,132.19000244140625,129.5,129.77000427246094,132.1199951171875,3030000.0,108.48056030273438
2014-02-18,132.75,131.63999938964844,132.30999755859375,131.8000030517578,2876500.0,108.21780395507812
2014-02-19,132.7100067138672,130.4600067138672,131.3300018310547,130.55999755859375,2719400.0,107.19967651367188
2014-02-20,132.02999877929688,130.0500030517578,130.64999389648438,131.55999755859375,2155800.0,108.02075958251953
2014-02-21,132.3300018310547,131.3000030517578,131.55999755859375,131.57000732421875,2574300.0,108.02898406982422
2014-02-24,133.4600067138672,131.44000244140625,131.88999938964844,132.1999969482422,2454300.0,108.54624938964844
2014-02-25,133.42999267578125,131.86000061035156,132.27000427246094,132.92999267578125,2863100.0,109.1456527709961
2014-02-26,133.4600067138672,132.27999877929688,133.1300048828125,132.86000061035156,2771100.0,109.08817291259766
2014-02-27,134.5800018310547,132.0,132.6300048828125,134.33999633789062,3124000.0,110.30335235595703
2014-02-28,135.1999969482422,133.9199981689453,134.19000244140625,134.72999572753906,3179400.0,110.62358093261719
2014-03-03,133.80999755859375,131.6699981689453,133.07000732421875,132.2100067138672,2814400.0,108.5544662475586
2014-03-04,133.0800018310547,131.5800018310547,131.9199981689453,132.67999267578125,6975500.0,108.94036102294922
2014-03-05,134.02999877929688,132.19000244140625,132.66000366210938,133.85000610351562,3551400.0,109.90106201171875
2014-03-06,134.74000549316406,134.02000427246094,134.3699951171875,134.0800018310547,2236800.0,110.08987426757812
2014-03-07,135.0,133.7100067138672,134.8800048828125,134.11000061035156,2381400.0,110.11453247070312
2014-03-10,134.0800018310547,133.10000610351562,133.97999572753906,133.55999755859375,1966100.0,109.66288757324219
2014-03-11,133.83999633789062,132.22999572753906,133.72999572753906,132.50999450683594,1928900.0,108.8007583618164
2014-03-12,132.75999450683594,131.58999633789062,132.07000732421875,132.57000732421875,2637000.0,108.8500747680664
2014-03-13,133.6699981689453,130.63999938964844,133.19000244140625,130.80999755859375,2520700.0,107.40495300292969
2014-03-14,131.11000061035156,129.6999969482422,130.0800018310547,129.8300018310547,2975100.0,106.60029602050781
2014-03-17,132.69000244140625,130.66000366210938,130.66000366210938,132.27000427246094,2529400.0,108.60372161865234
2014-03-18,133.22999572753906,132.25,132.49000549316406,132.74000549316406,2032800.0,108.98963928222656
2014-03-19,132.85000610351562,130.5800018310547,132.75,131.22999572753906,2141000.0,107.74980163574219
2014-03-20,132.85000610351562,130.86000061035156,131.14999389648438,132.42999267578125,2577500.0,108.7350845336914
2014-03-21,134.24000549316406,132.89999389648438,133.5800018310547,133.1199951171875,5920400.0,109.30164337158203
2014-03-24,133.6999969482422,131.8800048828125,133.32000732421875,132.4199981689453,2793600.0,108.72689056396484
2014-03-25,134.52999877929688,132.89999389648438,133.66000366210938,134.05999755859375,2897600.0,110.07344055175781
2014-03-26,134.88999938964844,133.08999633789062,134.66000366210938,133.08999633789062,2318900.0,109.27700805664062
2014-03-27,133.49000549316406,132.17999267578125,132.82000732421875,132.83999633789062,2402500.0,109.07173156738281
2014-03-28,134.97000122070312,133.17999267578125,133.5800018310547,134.1999969482422,1906500.0,110.18842315673828
2014-03-31,135.8699951171875,134.5800018310547,134.61000061035156,135.66000366210938,2711800.0,111.38722229003906
2014-04-01,136.64999389648438,135.6699981689453,135.8800048828125,136.52999877929688,2370800.0,112.10152435302734
2014-04-02,136.25,135.3300018310547,135.99000549316406,136.0,3281400.0,111.66634368896484
2014-04-03,137.19000244140625,135.6999969482422,136.22000122070312,136.13999938964844,2676200.0,111.78131103515625
2014-04-04,137.77000427246094,135.77000427246094,136.89999389648438,135.86000061035156,2735300.0,111.55137634277344
2014-04-07,136.25,134.38999938964844,135.80999755859375,134.39999389648438,2807500.0,110.35262298583984
2014-04-08,135.14999389648438,133.42999267578125,134.44000244140625,134.83999633789062,2893600.0,110.7138900756836
2014-04-09,135.8699951171875,134.5,135.0,135.83999633789062,2671900.0,111.53498840332031
2014-04-10,136.42999267578125,133.89999389648438,135.72999572753906,133.97000122070312,2857200.0,109.99954986572266
2014-04-11,133.83999633789062,132.38999938964844,133.3699951171875,132.38999938964844,2368200.0,108.70225524902344
2014-04-14,133.52000427246094,132.02000427246094,133.4499969482422,133.14999389648438,2058100.0,109.32627868652344
2014-04-15,134.35000610351562,132.02000427246094,133.27000427246094,134.08999633789062,2119000.0,110.09806060791016
2014-04-16,136.77999877929688,134.80999755859375,135.1699981689453,136.77000427246094,2135200.0,112.29859161376953
2014-04-17,138.25,137.25,137.3000030517578,137.72999572753906,2645600.0,113.08680725097656
2014-04-21,138.7100067138672,137.17999267578125,137.25,138.6199951171875,1781100.0,113.81753540039062
2014-04-22,139.52000427246094,138.1300048828125,138.5,138.88999938964844,2252500.0,114.03924560546875
2014-04-23,138.88999938964844,137.88999938964844,138.80999755859375,137.99000549316406,2847500.0,113.30028533935547
2014-04-24,136.99000549316406,135.0,136.3800048828125,136.64999389648438,2847800.0,112.2000503540039
2014-04-25,136.9600067138672,135.69000244140625,136.5,136.55999755859375,2093100.0,112.12615203857422
2014-04-28,138.35000610351562,135.97000122070312,137.42999267578125,137.22999572753906,2244300.0,112.67625427246094
2014-04-29,137.89999389648438,136.55999755859375,137.8699951171875,137.5500030517578,1820900.0,112.93899536132812
2014-04-30,139.1999969482422,137.3300018310547,137.6300048828125,139.08999633789062,2904000.0,114.20347595214844
2014-05-01,141.49000549316406,139.1199951171875,139.5,140.80999755859375,3997400.0,115.61572265625
2014-05-02,141.8300018310547,139.8699951171875,141.6300048828125,140.1199951171875,5758500.0,115.0491714477539
2014-05-05,141.0500030517578,138.64999389648438,139.13999938964844,140.61000061035156,2710900.0,115.45149993896484
2014-05-06,140.42999267578125,139.1699981689453,140.27999877929688,139.2899932861328,2299700.0,114.36768341064453
2014-05-07,141.25,139.17999267578125,139.97999572753906,141.13999938964844,2238500.0,115.88668823242188
2014-05-08,142.1199951171875,140.50999450683594,140.8800048828125,140.8300018310547,1939400.0,115.63214874267578
2014-05-09,141.3699951171875,140.25,140.55999755859375,141.33999633789062,2093000.0,116.05088806152344
2014-05-12,142.94000244140625,141.7100067138672,141.77999877929688,142.82000732421875,2972100.0,117.26606750488281
2014-05-13,143.3699951171875,142.32000732421875,143.0,142.42999267578125,1695400.0,116.94583892822266
2014-05-14,142.77000427246094,141.41000366210938,142.47999572753906,141.60000610351562,2113400.0,116.2643814086914
2014-05-15,141.74000549316406,140.02000427246094,141.55999755859375,140.97999572753906,2388400.0,115.75531005859375
2014-05-16,141.1999969482422,139.91000366210938,140.92999267578125,141.1300048828125,1901700.0,115.87847900390625
2014-05-19,142.0,139.97999572753906,140.07000732421875,141.6699981689453,1529200.0,116.32186126708984
2014-05-20,141.89999389648438,139.88999938964844,141.60000610351562,140.22999572753906,1845100.0,115.1395034790039
2014-05-21,140.7899932861328,139.77000427246094,139.77000427246094,140.66000366210938,1641000.0,116.2010498046875
2014-05-22,140.9600067138672,140.25999450683594,140.7100067138672,140.30999755859375,1550100.0,115.91192626953125
2014-05-23,141.17999267578125,140.0500030517578,140.22999572753906,141.13999938964844,1209400.0,116.59759521484375
2014-05-27,141.60000610351562,141.1300048828125,141.5,141.44000244140625,1512300.0,116.845458984375
2014-05-28,141.89999389648438,141.05999755859375,141.80999755859375,141.42999267578125,1566100.0,116.83715057373047
2014-05-29,142.42999267578125,141.19000244140625,141.5,142.38999938964844,1624100.0,117.63021850585938
2014-05-30,142.6699981689453,141.77999877929688,142.11000061035156,142.5500030517578,3908500.0,117.76242065429688
2014-06-02,142.91000366210938,141.69000244140625,142.27000427246094,142.32000732421875,1682300.0,117.57240295410156
2014-06-03,143.1300048828125,141.61000061035156,142.0800018310547,142.88999938964844,2061700.0,118.04325866699219
2014-06-04,143.0,142.25999450683594,142.91000366210938,142.25999450683594,1335700.0,117.5228042602539
2014-06-05,143.74000549316406,141.89999389648438,142.75999450683594,143.7100067138672,1542300.0,118.72069549560547
2014-06-06,144.63999938964844,143.52999877929688,143.99000549316406,144.63999938964844,1768700.0,119.48895263671875
2014-06-09,145.52999877929688,144.61000061035156,144.63999938964844,145.32000732421875,1800900.0,120.05072021484375
2014-06-10,145.2100067138672,144.4600067138672,144.97000122070312,144.97000122070312,1700000.0,119.76161193847656
2014-06-11,144.97000122070312,144.19000244140625,144.66000366210938,144.41000366210938,1489900.0,119.29898071289062
2014-06-12,144.9499969482422,142.77999877929688,144.9499969482422,143.07000732421875,1839400.0,118.19197082519531
2014-06-13,143.75,142.8300018310547,143.19000244140625,143.36000061035156,1376200.0,118.4315414428711
2014-06-16,143.52999877929688,142.60000610351562,142.92999267578125,143.32000732421875,1274300.0,118.39851379394531
2014-06-17,143.99000549316406,142.63999938964844,143.00999450683594,143.69000244140625,1209400.0,118.7042007446289
2014-06-18,144.38999938964844,142.77000427246094,143.92999267578125,144.3300018310547,1340700.0,119.23289489746094
2014-06-19,144.72000122070312,143.99000549316406,144.52999877929688,144.49000549316406,1560500.0,119.36508178710938
2014-06-20,145.3000030517578,144.1999969482422,144.5399932861328,145.16000366210938,4204600.0,119.9185791015625
2014-06-23,145.3000030517578,144.00999450683594,145.10000610351562,144.08999633789062,1390200.0,119.03462982177734
2014-06-24,144.6199951171875,143.0500030517578,143.7100067138672,143.08999633789062,1404500.0,118.20848846435547
2014-06-25,144.3800048828125,142.8800048828125,143.0,143.64999389648438,1321800.0,118.6711196899414
2014-06-26,143.99000549316406,142.55999755859375,143.75,143.72999572753906,1490900.0,118.73722839355469
2014-06-27,144.07000732421875,143.05999755859375,143.1699981689453,143.69000244140625,1981800.0,118.7042007446289
2014-06-30,143.92999267578125,143.05999755859375,143.9199981689453,143.24000549316406,1878400.0,118.3323745727539
2014-07-01,144.82000732421875,143.3800048828125,143.41000366210938,144.55999755859375,1767600.0,119.42292022705078
2014-07-02,145.3000030517578,143.55999755859375,144.22999572753906,145.22999572753906,1621300.0,119.97635650634766
2014-07-03,145.72999572753906,145.0,145.25,145.41000366210938,1142200.0,120.1250991821289
2014-07-07,145.5800018310547,144.5,145.47999572753906,144.91000366210938,1257900.0,119.7120132446289
2014-07-08,145.39999389648438,144.47999572753906,145.22000122070312,144.55999755859375,1596700.0,119.42292022705078
2014-07-09,145.0399932861328,144.02999877929688,144.77999877929688,144.67999267578125,1521800.0,119.5219955444336
2014-07-10,144.1999969482422,143.24000549316406,143.5,143.88999938964844,2070100.0,118.8694076538086
2014-07-11,144.49000549316406,143.5399932861328,144.13999938964844,144.30999755859375,1907900.0,119.21636199951172
2014-07-14,145.7100067138672,144.75,144.99000549316406,145.0,2114600.0,119.786376953125
2014-07-15,145.47999572753906,144.36000061035156,145.0,145.05999755859375,1955700.0,119.8359375
2014-07-16,146.25,145.02999877929688,145.27999877929688,146.1699981689453,1969200.0,120.75293731689453
2014-07-17,145.6699981689453,143.4499969482422,145.3300018310547,143.5399932861328,2776500.0,118.58023071289062
2014-07-18,145.05999755859375,143.5399932861328,143.8300018310547,144.8300018310547,2133000.0,119.64593505859375
2014-07-21,144.8699951171875,143.64999389648438,144.66000366210938,144.3000030517578,1520900.0,119.20813751220703
2014-07-22,145.6699981689453,144.88999938964844,144.88999938964844,145.1199951171875,1608200.0,119.88551330566406
2014-07-23,145.4499969482422,144.52999877929688,145.33999633789062,144.67999267578125,1849400.0,119.5219955444336
2014-07-24,146.42999267578125,144.47000122070312,145.50999450683594,145.1300048828125,2580000.0,119.89378356933594
2014-07-25,145.94000244140625,144.58999633789062,145.66000366210938,145.1199951171875,1601800.0,119.88551330566406
2014-07-28,145.6300048828125,143.77999877929688,144.9199981689453,145.52999877929688,2002200.0,120.22420501708984
2014-07-29,146.27000427246094,143.99000549316406,145.22000122070312,144.02000427246094,2286600.0,118.97681427001953
2014-07-30,144.77999877929688,143.52000427246094,144.25999450683594,143.74000549316406,2458400.0,118.7454605102539
2014-07-31,143.5500030517578,140.60000610351562,143.3300018310547,140.88999938964844,3571100.0,116.39107513427734
2014-08-01,141.0399932861328,139.0800018310547,140.14999389648438,140.11000061035156,2505800.0,115.74671173095703
2014-08-04,140.97999572753906,139.2100067138672,140.14999389648438,140.75,2494500.0,116.27542114257812
2014-08-05,141.1199951171875,139.33999633789062,140.6199951171875,139.77999877929688,2168500.0,115.47407531738281
2014-08-06,139.94000244140625,138.42999267578125,139.13999938964844,139.5500030517578,2679000.0,115.2840576171875
2014-08-07,140.3699951171875,138.9600067138672,140.0500030517578,139.1300048828125,1892500.0,114.93711853027344
2014-08-08,140.88999938964844,138.88999938964844,139.3000030517578,140.85000610351562,2702600.0,116.35802459716797
2014-08-11,141.5,140.5399932861328,140.92999267578125,140.5800018310547,1919100.0,116.13497161865234
2014-08-12,141.2100067138672,140.42999267578125,140.6199951171875,140.8800048828125,2176100.0,116.38279724121094
2014-08-13,141.8300018310547,140.9199981689453,141.35000610351562,141.8000030517578,3104300.0,117.14283752441406
2014-08-14,142.38999938964844,141.85000610351562,142.0,142.33999633789062,1586900.0,117.58890533447266
2014-08-15,142.97999572753906,141.02000427246094,142.80999755859375,141.9199981689453,1960900.0,117.241943359375
2014-08-18,144.19000244140625,142.58999633789062,142.75,144.1199951171875,1852900.0,119.0594253540039
2014-08-19,145.00999450683594,143.80999755859375,144.47000122070312,144.25,1592500.0,119.16680145263672
2014-08-20,144.82000732421875,143.5,143.86000061035156,144.60000610351562,2298800.0,120.16818237304688
2014-08-21,144.99000549316406,144.35000610351562,144.77999877929688,144.5,1475800.0,120.0851058959961
2014-08-22,144.8300018310547,144.02000427246094,144.5,144.1300048828125,1547500.0,119.77760314941406
2014-08-25,144.99000549316406,144.4199981689453,144.66000366210938,144.6999969482422,1012900.0,120.25129699707031
2014-08-26,145.38999938964844,144.57000732421875,145.0,144.60000610351562,1808100.0,120.16818237304688
2014-08-27,144.86000061035156,143.6300048828125,144.42999267578125,143.94000244140625,1402200.0,119.61971282958984
2014-08-28,144.1199951171875,143.02000427246094,143.32000732421875,143.97999572753906,1314100.0,119.6529312133789
2014-08-29,144.38999938964844,143.17999267578125,144.05999755859375,144.0,1537800.0,119.66959381103516
2014-09-02,144.61000061035156,143.3000030517578,143.3000030517578,144.22000122070312,1578800.0,119.85238647460938
2014-09-03,144.72000122070312,143.5500030517578,144.47000122070312,143.82000732421875,1533600.0,119.52000427246094
2014-09-04,144.64999389648438,143.35000610351562,144.2100067138672,143.61000061035156,1549800.0,119.34547424316406
2014-09-05,144.32000732421875,143.14999389648438,143.63999938964844,144.1999969482422,1989100.0,119.83580017089844
2014-09-08,145.4499969482422,144.11000061035156,144.41000366210938,144.88999938964844,2446100.0,120.4092025756836
2014-09-09,145.25999450683594,144.25,144.6999969482422,144.4600067138672,1745400.0,120.05181884765625
2014-09-10,144.99000549316406,144.0,144.6300048828125,144.63999938964844,1558800.0,120.20142364501953
2014-09-11,144.3800048828125,143.60000610351562,143.99000549316406,144.35000610351562,1465400.0,119.96041870117188
2014-09-12,144.4499969482422,143.5,144.4499969482422,143.94000244140625,2135400.0,119.61971282958984
2014-09-15,144.69000244140625,143.66000366210938,144.1699981689453,144.47999572753906,1868000.0,120.06847381591797
2014-09-16,144.99000549316406,143.58999633789062,143.8000030517578,144.85000610351562,1945100.0,120.3759536743164
2014-09-17,145.7899932861328,144.27000427246094,144.9199981689453,145.3699951171875,2757000.0,120.80809783935547
2014-09-18,147.05999755859375,145.69000244140625,145.6999969482422,146.83999633789062,2364800.0,122.02967834472656
2014-09-19,147.8699951171875,146.52000427246094,147.4199981689453,146.69000244140625,8106200.0,121.90506744384766
2014-09-22,147.0,145.5,146.9199981689453,145.7100067138672,2231000.0,121.09065246582031
2014-09-23,145.60000610351562,144.35000610351562,145.22999572753906,144.3699951171875,2049700.0,119.97705078125
2014-09-24,145.1199951171875,143.72000122070312,144.1699981689453,144.8800048828125,2608200.0,120.40087890625
2014-09-25,144.4600067138672,142.07000732421875,144.41000366210938,142.47999572753906,2764200.0,118.40642547607422
2014-09-26,142.88999938964844,140.97999572753906,142.52000427246094,142.4199981689453,3557700.0,118.35655975341797
2014-09-29,142.33999633789062,140.66000366210938,140.94000244140625,142.19000244140625,2848300.0,118.16542053222656
2014-09-30,142.89999389648438,141.27999877929688,142.5,141.67999267578125,2675100.0,117.74156188964844
2014-10-01,141.6699981689453,138.72000122070312,141.16000366210938,139.17999267578125,2925900.0,115.6639633178711
2014-10-02,139.32000732421875,137.9499969482422,138.57000732421875,138.6699981689453,3221300.0,115.24014282226562
2014-10-03,140.4499969482422,138.57000732421875,139.3300018310547,140.1699981689453,3514100.0,116.48667907714844
2014-10-06,141.27999877929688,139.58999633789062,140.5500030517578,140.33999633789062,2464700.0,116.62798309326172
2014-10-07,140.17999267578125,137.66000366210938,138.82000732421875,137.67999267578125,3144900.0,114.41740417480469
2014-10-08,141.47999572753906,137.72000122070312,138.25,141.41000366210938,4135500.0,117.51718139648438
2014-10-09,141.5,138.3300018310547,141.14999389648438,138.63999938964844,3768000.0,115.21522521972656
2014-10-10,139.60000610351562,133.82000732421875,139.3300018310547,133.8300018310547,7366500.0,111.21793365478516
2014-10-13,135.35000610351562,131.00999450683594,134.25999450683594,132.89999389648438,4583400.0,110.44503784179688
2014-10-14,135.94000244140625,133.2100067138672,133.64999389648438,134.17999267578125,3644300.0,111.50878143310547
2014-10-15,134.63999938964844,130.60000610351562,132.55999755859375,134.22000122070312,4794700.0,111.54203796386719
2014-10-16,135.97000122070312,132.75,133.4199981689453,135.0500030517578,3497200.0,112.23178100585938
2014-10-17,137.85000610351562,135.75,135.75,137.39999389648438,3746400.0,114.18473052978516
2014-10-20,137.75,136.75999450683594,137.14999389648438,137.60000610351562,2782500.0,114.35093688964844
2014-10-21,141.10000610351562,138.33999633789062,138.39999389648438,140.92999267578125,3078400.0,117.1182861328125
2014-10-22,141.08999633789062,138.6999969482422,140.89999389648438,138.9499969482422,4294300.0,115.47283935546875
2014-10-23,147.9199981689453,141.9199981689453,141.9199981689453,145.0500030517578,7424400.0,120.5421371459961
2014-10-24,148.7899932861328,144.80999755859375,145.0,148.58999633789062,4480900.0,123.48405456542969
2014-10-27,149.7100067138672,147.33999633789062,148.08999633789062,149.55999755859375,2840000.0,124.29012298583984
2014-10-28,151.1300048828125,149.55999755859375,149.8300018310547,151.05999755859375,2358800.0,125.53670501708984
2014-10-29,151.72999572753906,150.1999969482422,151.38999938964844,151.00999450683594,2060600.0,125.4951400756836
2014-10-30,152.39999389648438,150.0,150.49000549316406,152.10000610351562,1836500.0,126.4009780883789
2014-10-31,154.44000244140625,153.08999633789062,153.8300018310547,153.77000427246094,3016300.0,127.78885650634766
2014-11-03,154.38999938964844,152.97999572753906,153.13999938964844,153.3000030517578,2367500.0,127.39822387695312
2014-11-04,155.22999572753906,153.24000549316406,153.9199981689453,155.0500030517578,3128600.0,128.8525390625
2014-11-05,156.24000549316406,154.13999938964844,155.67999267578125,155.69000244140625,2770400.0,129.38442993164062
2014-11-06,156.67999267578125,155.2100067138672,155.69000244140625,156.0500030517578,2067200.0,129.68359375
2014-11-07,156.6199951171875,155.47999572753906,156.14999389648438,156.5500030517578,1882800.0,130.09909057617188
2014-11-10,157.7100067138672,156.0500030517578,156.25,157.66000366210938,1463500.0,131.0215606689453
2014-11-11,158.0,156.64999389648438,157.9499969482422,157.11000061035156,1806600.0,130.56451416015625
2014-11-12,157.8699951171875,156.5,156.64999389648438,157.67999267578125,1500700.0,131.03817749023438
2014-11-13,159.07000732421875,157.47999572753906,158.0,158.35000610351562,2375100.0,131.5950164794922
2014-11-14,158.8800048828125,157.7100067138672,158.52999877929688,158.85000610351562,1786300.0,132.01051330566406
2014-11-17,159.16000366210938,158.08999633789062,158.08999633789062,158.69000244140625,1674300.0,131.87750244140625
2014-11-18,160.4600067138672,158.85000610351562,158.8800048828125,160.14999389648438,2311400.0,133.09085083007812
2014-11-19,159.41000366210938,157.97000122070312,159.3300018310547,158.8300018310547,2314700.0,132.70236206054688
2014-11-20,159.5500030517578,157.83999633789062,158.19000244140625,159.36000061035156,1749000.0,133.14512634277344
2014-11-21,160.86000061035156,159.58999633789062,160.30999755859375,160.16000366210938,2472000.0,133.8135528564453
2014-11-24,160.55999755859375,159.41000366210938,160.16000366210938,159.8800048828125,2358200.0,133.57958984375
2014-11-25,159.67999267578125,158.05999755859375,159.0,158.05999755859375,3646300.0,132.0589599609375
2014-11-26,158.4499969482422,157.5,157.97000122070312,158.30999755859375,1823200.0,132.2678680419922
2014-11-28,160.82000732421875,158.8000030517578,159.5800018310547,160.08999633789062,1565500.0,133.7550506591797
2014-12-01,159.50999450683594,157.86000061035156,158.35000610351562,158.16000366210938,2502100.0,132.14254760742188
2014-12-02,160.77999877929688,158.5399932861328,158.77999877929688,160.60000610351562,2504400.0,134.18118286132812
2014-12-03,162.44000244140625,160.1699981689453,161.10000610351562,162.25999450683594,3038800.0,135.56808471679688
2014-12-04,162.9199981689453,160.89999389648438,162.0,162.25999450683594,2164200.0,135.56808471679688
2014-12-05,162.89999389648438,161.8800048828125,162.39999389648438,162.27000427246094,1722600.0,135.5764617919922
2014-12-08,162.8000030517578,160.10000610351562,162.10000610351562,160.92999267578125,1898300.0,134.45687866210938
2014-12-09,161.10000610351562,159.11000061035156,159.88999938964844,160.8300018310547,2043100.0,134.37335205078125
2014-12-10,160.80999755859375,157.6999969482422,160.7100067138672,158.24000549316406,3243700.0,132.20941162109375
2014-12-11,160.22000122070312,158.4199981689453,159.17999267578125,159.14999389648438,2437300.0,132.96969604492188
2014-12-12,158.99000549316406,157.1199951171875,158.55999755859375,157.1199951171875,2820600.0,131.2736358642578
2014-12-15,158.44000244140625,155.58999633789062,158.1199951171875,156.85000610351562,2609300.0,131.04803466796875
2014-12-16,161.44000244140625,157.0800018310547,157.25999450683594,159.0500030517578,3380800.0,132.88613891601562
2014-12-17,160.88999938964844,157.77999877929688,159.2899932861328,160.60000610351562,3942600.0,134.18118286132812
2014-12-18,165.3000030517578,162.0,162.39999389648438,165.3000030517578,3359800.0,138.10804748535156
2014-12-19,166.08999633789062,164.36000061035156,164.77999877929688,165.47999572753906,4891300.0,138.25840759277344
2014-12-22,167.30999755859375,166.13999938964844,166.22000122070312,167.27000427246094,2081600.0,139.75399780273438
2014-12-23,168.16000366210938,166.8699951171875,168.02000427246094,166.8699951171875,2190200.0,139.41973876953125
2014-12-24,167.61000061035156,166.1699981689453,166.1699981689453,166.9600067138672,981600.0,139.49496459960938
2014-12-26,167.80999755859375,166.14999389648438,167.33999633789062,166.25999450683594,1607400.0,138.91009521484375
2014-12-29,167.1199951171875,165.80999755859375,166.3000030517578,166.7100067138672,1215700.0,139.2860565185547
2014-12-30,166.74000549316406,165.27999877929688,166.5500030517578,165.83999633789062,1180700.0,138.55918884277344
2014-12-31,167.1699981689453,164.1999969482422,166.0,164.32000732421875,1623700.0,137.2892303466797
2015-01-02,165.0800018310547,162.72999572753906,164.7100067138672,164.05999755859375,2116400.0,137.07199096679688
2015-01-05,163.63999938964844,160.0800018310547,163.0,160.36000061035156,3692900.0,133.98065185546875
2015-01-06,161.3699951171875,157.74000549316406,160.82000732421875,158.64999389648438,3532000.0,132.55197143554688
2015-01-07,160.27999877929688,158.94000244140625,159.89999389648438,159.8000030517578,3081300.0,133.51280212402344
2015-01-08,163.69000244140625,160.52000427246094,160.64999389648438,163.6300048828125,3142900.0,136.71275329589844
2015-01-09,164.0,161.27000427246094,163.85000610351562,161.6199951171875,2378600.0,135.03338623046875
2015-01-12,162.38999938964844,160.02000427246094,162.38999938964844,160.74000549316406,2149200.0,134.29815673828125
2015-01-13,164.3800048828125,159.4499969482422,162.22999572753906,160.6199951171875,2703000.0,134.19790649414062
2015-01-14,160.52999877929688,158.5,159.0399932861328,159.83999633789062,1983500.0,133.5461883544922
2015-01-15,161.44000244140625,159.3699951171875,160.88999938964844,159.66000366210938,1876800.0,133.39581298828125
2015-01-16,162.17999267578125,159.08999633789062,159.86000061035156,162.0,2349700.0,135.35086059570312
2015-01-20,163.39999389648438,160.05999755859375,162.72000122070312,161.94000244140625,2091800.0,135.30075073242188
2015-01-21,163.3699951171875,161.02000427246094,161.66000366210938,162.5399932861328,1597700.0,135.8020477294922
2015-01-22,165.99000549316406,162.1300048828125,163.25999450683594,165.88999938964844,2225800.0,138.60098266601562
2015-01-23,165.97999572753906,163.91000366210938,165.75,164.02000427246094,2245600.0,137.03860473632812
2015-01-26,164.27999877929688,161.8000030517578,163.6199951171875,164.24000549316406,3556300.0,137.22238159179688
2015-01-27,165.13999938964844,160.94000244140625,162.30999755859375,163.6300048828125,4190700.0,136.71275329589844
2015-01-28,166.57000732421875,163.75999450683594,164.61000061035156,163.94000244140625,3574600.0,136.97174072265625
2015-01-29,166.16000366210938,162.8800048828125,164.07000732421875,166.1300048828125,2674600.0,138.80149841308594
2015-01-30,165.22000122070312,162.3000030517578,164.75,162.3000030517578,3561900.0,135.60153198242188
2015-02-02,164.6199951171875,160.88999938964844,162.1199951171875,164.4199981689453,2379700.0,137.37277221679688
2015-02-03,166.19000244140625,164.7100067138672,165.1699981689453,165.94000244140625,2604800.0,138.6427459716797
2015-02-04,165.8300018310547,164.24000549316406,165.77999877929688,164.80999755859375,2363600.0,137.6986083984375
2015-02-05,166.58999633789062,164.75,165.30999755859375,166.5500030517578,2050500.0,139.1524200439453
2015-02-06,167.67999267578125,165.55999755859375,166.22999572753906,166.07000732421875,1826900.0,138.75135803222656
2015-02-09,165.5399932861328,163.83999633789062,164.3800048828125,164.83999633789062,2073000.0,137.7236785888672
2015-02-10,166.13999938964844,164.60000610351562,165.39999389648438,165.82000732421875,1885100.0,138.54244995117188
2015-02-11,164.97000122070312,163.47000122070312,164.52000427246094,164.47999572753906,1695100.0,138.27764892578125
2015-02-12,165.9499969482422,164.85000610351562,164.92999267578125,165.91000366210938,1615700.0,139.4798583984375
2015-02-13,166.6199951171875,165.3300018310547,165.89999389648438,165.94000244140625,1792000.0,139.5050811767578
2015-02-17,166.9199981689453,165.08999633789062,165.94000244140625,166.9199981689453,2100900.0,140.32896423339844
2015-02-18,167.50999450683594,166.00999450683594,166.9199981689453,167.39999389648438,1552000.0,140.73252868652344
2015-02-19,167.5500030517578,166.5800018310547,167.39999389648438,167.08999633789062,1648800.0,140.4718475341797
2015-02-20,168.27000427246094,165.1300048828125,166.74000549316406,168.1199951171875,2416600.0,141.33778381347656
2015-02-23,168.8699951171875,167.6999969482422,168.13999938964844,168.80999755859375,1836000.0,141.9178924560547
2015-02-24,169.25,168.07000732421875,168.27000427246094,169.1199951171875,1770300.0,142.17848205566406
2015-02-25,169.66000366210938,168.6199951171875,168.97000122070312,168.88999938964844,2019100.0,141.98512268066406
2015-02-26,169.97999572753906,168.63999938964844,168.85000610351562,169.61000061035156,1789400.0,142.59042358398438
2015-02-27,169.75,168.55999755859375,169.66000366210938,168.64999389648438,1946000.0,141.78334045410156
2015-03-02,170.5,168.1199951171875,168.16000366210938,170.5,2223100.0,143.33868408203125
2015-03-03,169.60000610351562,167.36000061035156,169.57000732421875,168.27000427246094,2232400.0,141.46392822265625
2015-03-04,168.25999450683594,166.4600067138672,168.25999450683594,167.16000366210938,1575700.0,140.5307159423828
2015-03-05,167.6999969482422,166.69000244140625,167.2100067138672,167.57000732421875,1547200.0,140.8754119873047
2015-03-06,166.77000427246094,164.00999450683594,166.5,164.36000061035156,2114400.0,138.17681884765625
2015-03-09,166.77999877929688,164.50999450683594,164.72000122070312,166.3699951171875,1608100.0,139.86660766601562
2015-03-10,164.86000061035156,162.25,164.80999755859375,162.25999450683594,2564600.0,136.4113006591797
2015-03-11,163.22000122070312,161.66000366210938,162.6999969482422,161.72999572753906,1894300.0,135.9657440185547
2015-03-12,164.52000427246094,162.57000732421875,162.58999633789062,164.47000122070312,1715000.0,138.26927185058594
2015-03-13,164.38999938964844,161.77999877929688,164.02000427246094,162.74000549316406,2284700.0,136.8148651123047
2015-03-16,166.27000427246094,163.5800018310547,163.5800018310547,166.2100067138672,2111200.0,139.7320556640625
2015-03-17,165.52999877929688,163.3800048828125,165.52000427246094,164.22999572753906,2557900.0,138.0675048828125
2015-03-18,166.9499969482422,162.0500030517578,163.16000366210938,166.47000122070312,3062400.0,139.9506072998047
2015-03-19,166.2100067138672,164.85000610351562,166.16000366210938,165.66000366210938,1953500.0,139.26966857910156
2015-03-20,167.1300048828125,165.38999938964844,166.08999633789062,166.49000549316406,4371800.0,139.9674835205078
2015-03-23,166.91000366210938,165.8300018310547,166.8300018310547,166.1300048828125,2157300.0,139.6648406982422
2015-03-24,167.64999389648438,165.52999877929688,165.5800018310547,166.32000732421875,2091000.0,139.8245391845703
2015-03-25,166.52000427246094,162.66000366210938,166.24000549316406,162.6999969482422,2540900.0,136.78121948242188
2015-03-26,163.3699951171875,161.2100067138672,162.0,162.58999633789062,2050700.0,136.68875122070312
2015-03-27,163.89999389648438,162.02000427246094,162.36000061035156,163.5,1722600.0,137.45379638671875
2015-03-30,166.77000427246094,164.1999969482422,164.1999969482422,166.0500030517578,1684000.0,139.5974884033203
2015-03-31,166.0,164.6199951171875,165.41000366210938,164.9499969482422,2081300.0,138.67279052734375
2015-04-01,164.5399932861328,161.89999389648438,164.2899932861328,162.52000427246094,2148100.0,136.62989807128906
2015-04-02,163.97000122070312,162.1199951171875,163.3800048828125,162.8000030517578,1852600.0,136.8652801513672
2015-04-06,165.99000549316406,161.39999389648438,161.66000366210938,165.47999572753906,2560300.0,139.1183624267578
2015-04-07,167.57000732421875,165.27999877929688,165.39999389648438,166.2100067138672,2479500.0,139.7320556640625
2015-04-08,167.22000122070312,165.2100067138672,166.2100067138672,166.27000427246094,1754400.0,139.78250122070312
2015-04-09,167.17999267578125,165.0800018310547,166.25,166.7899932861328,1680100.0,140.2196502685547
2015-04-10,167.6999969482422,166.22000122070312,167.5,167.07000732421875,1501900.0,140.45509338378906
2015-04-13,167.36000061035156,165.60000610351562,166.75999450683594,165.83999633789062,1860400.0,139.42103576660156
2015-04-14,166.47999572753906,164.1699981689453,165.32000732421875,165.99000549316406,1914300.0,139.547119140625
2015-04-15,167.33999633789062,165.86000061035156,166.72000122070312,166.44000244140625,1995800.0,139.92539978027344
2015-04-16,166.64999389648438,165.10000610351562,165.72999572753906,165.88999938964844,1662800.0,139.46304321289062
2015-04-17,164.5399932861328,161.1300048828125,164.52999877929688,161.7100067138672,3063500.0,135.94895935058594
2015-04-20,165.38999938964844,162.72999572753906,163.0,164.50999450683594,2394200.0,138.30287170410156
2015-04-21,165.6999969482422,163.6199951171875,165.64999389648438,164.0,1970500.0,137.87413024902344
2015-04-22,164.88999938964844,162.57000732421875,163.80999755859375,164.6699981689453,2228800.0,138.4373779296875
2015-04-23,161.4499969482422,158.61000061035156,159.5399932861328,159.66000366210938,5704500.0,134.22549438476562
2015-04-24,159.80999755859375,157.85000610351562,159.80999755859375,158.99000549316406,3043500.0,133.6622314453125
2015-04-27,160.07000732421875,157.80999755859375,159.47999572753906,157.97999572753906,3448800.0,132.81314086914062
2015-04-28,158.36000061035156,156.17999267578125,157.69000244140625,158.3300018310547,3387900.0,133.10739135742188
2015-04-29,157.92999267578125,156.17999267578125,157.4199981689453,156.97000122070312,3078600.0,131.96401977539062
2015-04-30,157.9199981689453,156.00999450683594,156.82000732421875,156.38999938964844,3510200.0,131.47640991210938
2015-05-01,158.08999633789062,156.7899932861328,156.7899932861328,157.67999267578125,2160100.0,132.56092834472656
2015-05-04,159.85000610351562,157.8800048828125,158.39999389648438,159.02000427246094,2240300.0,133.6874542236328
2015-05-05,159.4499969482422,157.41000366210938,158.86000061035156,157.91000366210938,1947700.0,132.75430297851562
2015-05-06,159.0800018310547,156.5500030517578,157.9199981689453,157.63999938964844,2203100.0,132.5272674560547
2015-05-07,159.1999969482422,157.22999572753906,157.22999572753906,158.61000061035156,2112900.0,133.34274291992188
2015-05-08,161.39999389648438,160.05999755859375,160.25,160.60000610351562,2025500.0,135.0157470703125
2015-05-11,161.0,159.8000030517578,160.25999450683594,159.89999389648438,1708700.0,134.42727661132812
2015-05-12,160.39999389648438,158.00999450683594,158.7100067138672,160.07000732421875,1864800.0,134.5701904296875
2015-05-13,161.74000549316406,160.36000061035156,160.42999267578125,161.30999755859375,2587900.0,135.61270141601562
2015-05-14,163.3000030517578,161.8000030517578,162.08999633789062,163.14999389648438,2462500.0,137.1595458984375
2015-05-15,163.77000427246094,162.64999389648438,163.14999389648438,163.3000030517578,1923800.0,137.28564453125
2015-05-18,163.58999633789062,162.30999755859375,163.0,162.8699951171875,1747800.0,136.92413330078125
2015-05-19,163.58999633789062,162.5500030517578,163.07000732421875,163.1199951171875,2075100.0,137.13430786132812
2015-05-20,163.07000732421875,161.83999633789062,162.4199981689453,161.89999389648438,1978100.0,136.96932983398438
2015-05-21,162.35000610351562,161.8000030517578,161.89999389648438,162.05999755859375,2400800.0,137.1046905517578
2015-05-22,162.3300018310547,160.66000366210938,161.99000549316406,160.97999572753906,1822700.0,136.19097900390625
2015-05-26,161.32000732421875,159.0399932861328,160.97999572753906,159.58999633789062,2471100.0,135.0150604248047
2015-05-27,161.30999755859375,159.52999877929688,159.82000732421875,161.02000427246094,2625900.0,136.22486877441406
2015-05-28,160.88999938964844,159.61000061035156,160.35000610351562,160.8699951171875,1578100.0,136.0979461669922
2015-05-29,160.7899932861328,158.74000549316406,160.44000244140625,159.0800018310547,2880500.0,134.58358764648438
2015-06-01,159.75999450683594,158.57000732421875,159.10000610351562,158.97999572753906,1906100.0,134.4989776611328
2015-06-02,159.8800048828125,157.9499969482422,158.27999877929688,159.0800018310547,2481100.0,134.58358764648438
2015-06-03,160.5,158.97999572753906,159.61000061035156,160.16000366210938,2074500.0,135.4972686767578
2015-06-04,160.3800048828125,158.08999633789062,159.50999450683594,158.35000610351562,2237600.0,133.9660186767578
2015-06-05,157.97000122070312,156.97000122070312,157.5,157.0800018310547,2314800.0,132.8916015625
2015-06-08,157.41000366210938,156.3000030517578,156.5,156.58999633789062,1608600.0,132.4770050048828
2015-06-09,158.25999450683594,156.60000610351562,156.85000610351562,156.97999572753906,1810800.0,132.80694580078125
2015-06-10,159.57000732421875,156.9499969482422,156.9499969482422,159.0399932861328,1758900.0,134.5497283935547
2015-06-11,160.36000061035156,159.0,159.1199951171875,159.86000061035156,1854200.0,135.2434844970703
2015-06-12,159.99000549316406,157.8800048828125,159.85000610351562,158.0399932861328,1910500.0,133.7037353515625
2015-06-15,157.32000732421875,155.38999938964844,157.0800018310547,155.8699951171875,2353100.0,131.8678741455078
2015-06-16,157.0399932861328,155.3699951171875,155.49000549316406,156.49000549316406,1729300.0,132.3924102783203
2015-06-17,157.58999633789062,155.75,156.60000610351562,156.9499969482422,1839400.0,132.78160095214844
2015-06-18,160.24000549316406,157.38999938964844,157.58999633789062,159.6199951171875,2528900.0,135.04042053222656
2015-06-19,159.8800048828125,158.94000244140625,159.36000061035156,158.9499969482422,3287200.0,134.47361755371094
2015-06-22,160.6999969482422,159.4499969482422,159.85000610351562,159.67999267578125,1447400.0,135.09117126464844
2015-06-23,160.8699951171875,159.50999450683594,160.41000366210938,159.83999633789062,2286400.0,135.2265625
2015-06-24,159.9600067138672,157.5399932861328,159.67999267578125,157.5399932861328,2862900.0,133.2807159423828
2015-06-25,158.32000732421875,155.9199981689453,157.85000610351562,155.9199981689453,2564000.0,131.9102020263672
2015-06-26,157.99000549316406,155.92999267578125,156.16000366210938,157.08999633789062,2625500.0,132.9000244140625
2015-06-29,156.44000244140625,153.9199981689453,155.9199981689453,153.9499969482422,2475000.0,130.24356079101562
2015-06-30,155.3000030517578,154.07000732421875,155.0,154.3000030517578,2561000.0,130.53965759277344
2015-07-01,156.42999267578125,154.66000366210938,156.1300048828125,155.64999389648438,1726800.0,131.68177795410156
2015-07-02,156.0800018310547,154.89999389648438,156.0800018310547,155.3800048828125,2022400.0,131.453369140625
2015-07-06,155.5800018310547,153.8300018310547,153.88999938964844,155.0800018310547,2172200.0,131.1995849609375
2015-07-07,155.6300048828125,153.16000366210938,155.13999938964844,155.42999267578125,2865300.0,131.49563598632812
2015-07-08,154.5,152.6999969482422,154.0800018310547,152.7100067138672,2613300.0,129.19447326660156
2015-07-09,155.5,153.75,154.58999633789062,153.75,2069200.0,130.0743408203125
2015-07-10,155.86000061035156,154.5,154.74000549316406,154.9499969482422,2061300.0,131.0895538330078
2015-07-13,156.77000427246094,155.64999389648438,156.4199981689453,156.47000122070312,2107200.0,132.37550354003906
2015-07-14,157.0800018310547,156.27999877929688,156.49000549316406,156.77999877929688,1811400.0,132.63775634765625
2015-07-15,157.0,155.89999389648438,156.57000732421875,156.0,1786100.0,131.9779052734375
2015-07-16,157.94000244140625,156.69000244140625,157.5800018310547,157.1699981689453,2023900.0,132.9677276611328
2015-07-17,157.3699951171875,156.42999267578125,156.5,156.69000244140625,2429000.0,132.56163024902344
2015-07-20,157.64999389648438,156.27000427246094,156.77000427246094,157.1199951171875,2349000.0,132.92539978027344
2015-07-21,157.17999267578125,155.33999633789062,156.75,155.75999450683594,2743900.0,131.7748565673828
2015-07-22,156.30999755859375,154.44000244140625,155.58999633789062,155.41000366210938,3067700.0,131.4787139892578
2015-07-23,153.69000244140625,149.02000427246094,151.9199981689453,149.5,5176400.0,126.47880554199219
2015-07-24,150.8000030517578,148.6999969482422,148.86000061035156,149.3300018310547,3433600.0,126.3349838256836
2015-07-27,149.0,147.6999969482422,148.63999938964844,148.7100067138672,3117600.0,125.81047058105469
2015-07-28,151.72000122070312,148.32000732421875,148.85000610351562,151.11000061035156,3277700.0,127.84088134765625
2015-07-29,151.69000244140625,150.7100067138672,151.44000244140625,151.4499969482422,2176900.0,128.12850952148438
2015-07-30,151.72999572753906,150.3300018310547,151.0,151.57000732421875,2119100.0,128.23007202148438
2015-07-31,152.80999755859375,151.02999877929688,152.52999877929688,151.33999633789062,1619600.0,128.03543090820312
2015-08-03,151.77999877929688,148.94000244140625,150.7899932861328,150.1199951171875,2355100.0,127.00331115722656
2015-08-04,151.5399932861328,150.11000061035156,150.92999267578125,150.39999389648438,1811900.0,127.2402114868164
2015-08-05,153.24000549316406,150.9199981689453,151.85000610351562,151.00999450683594,1765600.0,127.75624084472656
2015-08-06,151.22000122070312,148.89999389648438,150.88999938964844,149.25999450683594,1764800.0,126.27576446533203
2015-08-07,150.0,148.16000366210938,148.47999572753906,148.88999938964844,1668700.0,125.96273803710938
2015-08-10,151.39999389648438,149.88999938964844,150.0,151.24000549316406,1571800.0,127.9508285522461
2015-08-11,150.0,148.25999450683594,150.0,148.47999572753906,1810800.0,125.61585235595703
2015-08-12,148.7100067138672,146.07000732421875,147.24000549316406,148.52000427246094,2036700.0,125.64969635009766
2015-08-13,148.55999755859375,147.0800018310547,148.0,147.39999389648438,1793100.0,124.7021713256836
2015-08-14,148.50999450683594,147.32000732421875,147.66000366210938,148.27999877929688,1401900.0,125.4466552734375
2015-08-17,149.30999755859375,146.36000061035156,147.42999267578125,149.24000549316406,1648900.0,126.2588119506836
2015-08-18,148.9199981689453,147.8800048828125,148.6300048828125,148.30999755859375,1705500.0,125.47205352783203
2015-08-19,147.5500030517578,145.27999877929688,146.1999969482422,145.8699951171875,2525700.0,124.2666015625
2015-08-20,144.8699951171875,143.33999633789062,144.50999450683594,143.35000610351562,3281700.0,122.11981201171875
2015-08-21,145.32000732421875,141.9199981689453,143.52000427246094,142.08999633789062,5442000.0,121.04642486572266
2015-08-24,142.08999633789062,134.0,137.1199951171875,138.5800018310547,7359500.0,118.05628204345703
2015-08-25,142.05999755859375,137.38999938964844,141.86000061035156,137.63999938964844,5435900.0,117.25544738769531
2015-08-26,142.7899932861328,138.52999877929688,140.0,142.72000122070312,4562200.0,121.5831069946289
2015-08-27,144.9499969482422,141.3300018310547,143.75,143.89999389648438,4104600.0,122.58839416503906
2015-08-28,144.32000732421875,142.8000030517578,143.02000427246094,144.2100067138672,2664100.0,122.85245513916016
2015-08-31,143.8300018310547,142.02000427246094,143.0,142.13999938964844,2514900.0,121.08900451660156
2015-09-01,140.49000549316406,137.94000244140625,139.47999572753906,138.5,3671400.0,117.98805236816406
2015-09-02,141.24000549316406,139.24000549316406,140.5399932861328,141.24000549316406,3312700.0,120.32230377197266
2015-09-03,142.89999389648438,141.30999755859375,141.94000244140625,141.74000549316406,2606200.0,120.74825286865234
2015-09-04,140.6699981689453,139.16000366210938,139.94000244140625,139.83999633789062,3195800.0,119.12963104248047
2015-09-08,143.5500030517578,141.52000427246094,142.0500030517578,143.42999267578125,2432900.0,122.18797302246094
2015-09-09,145.35000610351562,140.57000732421875,144.86000061035156,140.86000061035156,2642800.0,119.99858856201172
2015-09-10,141.91000366210938,140.14999389648438,141.0,140.77999877929688,2031200.0,119.93043518066406
2015-09-11,141.3300018310547,139.77000427246094,140.61000061035156,141.25999450683594,2505200.0,120.3393325805664
2015-09-14,141.5800018310547,140.02999877929688,141.52000427246094,140.80999755859375,2277200.0,119.95598602294922
2015-09-15,143.83999633789062,141.0399932861328,141.55999755859375,143.60000610351562,2690800.0,122.3327865600586
2015-09-16,144.4600067138672,143.2100067138672,143.50999450683594,144.1999969482422,2060300.0,122.84396362304688
2015-09-17,145.5500030517578,142.52000427246094,143.80999755859375,142.9499969482422,2855100.0,121.77904510498047
2015-09-18,141.3000030517578,139.2100067138672,141.1699981689453,139.6199951171875,6526000.0,118.9422607421875
2015-09-21,141.0800018310547,139.35000610351562,140.5,140.0399932861328,2492600.0,119.30003356933594
2015-09-22,138.50999450683594,137.25,138.27000427246094,138.02000427246094,2775300.0,117.5792007446289
2015-09-23,138.89999389648438,136.86000061035156,138.52999877929688,137.66000366210938,2684500.0,117.27251434326172
2015-09-24,138.02999877929688,135.38999938964844,136.6300048828125,137.5800018310547,2690300.0,117.20436096191406
2015-09-25,140.1199951171875,138.57000732421875,139.6199951171875,139.55999755859375,3767200.0,118.89111328125
2015-09-28,139.6999969482422,138.3000030517578,138.3000030517578,138.3800048828125,3468900.0,117.88587951660156
2015-09-29,142.16000366210938,138.42999267578125,138.6199951171875,141.5500030517578,4946000.0,120.5864028930664
2015-09-30,143.22999572753906,140.5,142.52000427246094,141.77000427246094,3619300.0,120.77381134033203
2015-10-01,142.5,139.5800018310547,142.2100067138672,140.8000030517578,2486300.0,119.94746398925781
2015-10-02,143.3000030517578,138.57000732421875,139.0800018310547,143.1999969482422,3064400.0,121.9920425415039
2015-10-05,146.60000610351562,143.6300048828125,144.3000030517578,146.32000732421875,2987200.0,124.64995574951172
2015-10-06,146.63999938964844,145.39999389648438,145.99000549316406,145.7899932861328,2256800.0,124.19845581054688
2015-10-07,148.5399932861328,146.1300048828125,146.74000549316406,147.5399932861328,1954000.0,125.68925476074219
2015-10-08,149.55999755859375,146.58999633789062,146.64999389648438,149.47999572753906,2008800.0,127.34193420410156
2015-10-09,150.64999389648438,149.3000030517578,149.55999755859375,149.89999389648438,2294000.0,127.69976806640625
2015-10-12,150.55999755859375,149.5399932861328,150.25999450683594,150.05999755859375,1429300.0,127.83605194091797
2015-10-13,150.0,148.72999572753906,148.91000366210938,149.11000061035156,2027600.0,127.02676391601562
2015-10-14,149.66000366210938,148.17999267578125,149.0,148.32000732421875,2260300.0,126.353759765625
2015-10-15,149.8800048828125,148.02000427246094,149.63999938964844,149.19000244140625,2588500.0,127.09492492675781
2015-10-16,149.77999877929688,147.47999572753906,149.77000427246094,148.6999969482422,2490300.0,126.67745971679688
2015-10-19,148.4199981689453,147.22999572753906,147.97000122070312,148.0,2004200.0,126.08116149902344
2015-10-20,149.6699981689453,147.1300048828125,147.4499969482422,149.11000061035156,2409300.0,127.02676391601562
2015-10-21,151.38999938964844,148.89999389648438,149.5,149.82000732421875,3009900.0,127.6316146850586
2015-10-22,157.0399932861328,150.64999389648438,151.33999633789062,156.0,5111900.0,132.8963623046875
2015-10-23,157.19000244140625,154.5,156.5399932861328,155.7899932861328,2997400.0,132.7174530029297
2015-10-26,156.75999450683594,155.63999938964844,156.05999755859375,156.5399932861328,2136100.0,133.35641479492188
2015-10-27,157.0,155.0800018310547,156.0,156.72999572753906,1970100.0,133.5182342529297
2015-10-28,158.3300018310547,156.1999969482422,156.49000549316406,158.0800018310547,2724700.0,134.66830444335938
2015-10-29,157.91000366210938,156.8800048828125,157.75,157.61000061035156,1484600.0,134.26792907714844
2015-10-30,158.67999267578125,157.2100067138672,157.8000030517578,157.2100067138672,2672100.0,133.92715454101562
2015-11-02,160.08999633789062,157.33999633789062,157.50999450683594,159.9199981689453,2701800.0,136.23580932617188
2015-11-03,159.8000030517578,158.6699981689453,159.47999572753906,158.75,2972800.0,135.23904418945312
2015-11-04,159.47999572753906,158.61000061035156,159.0,158.91000366210938,2254000.0,135.37539672851562
2015-11-05,159.5800018310547,158.27000427246094,159.3800048828125,158.99000549316406,2023900.0,135.44351196289062
2015-11-06,159.25999450683594,157.72999572753906,158.02000427246094,159.25999450683594,1860000.0,135.67355346679688
2015-11-09,158.6699981689453,156.75,158.6699981689453,157.47000122070312,2421000.0,134.1486358642578
2015-11-10,157.63999938964844,156.42999267578125,157.22999572753906,157.58999633789062,1962900.0,134.2508544921875
2015-11-11,159.49000549316406,157.5399932861328,157.86000061035156,159.0500030517578,2518900.0,135.49462890625
2015-11-12,158.2899932861328,156.16000366210938,157.77999877929688,156.3000030517578,2305600.0,133.15191650390625
2015-11-13,156.9199981689453,155.60000610351562,156.0,155.64999389648438,2434500.0,132.59820556640625
2015-11-16,158.25999450683594,155.61000061035156,155.61000061035156,158.2100067138672,2395000.0,134.779052734375
2015-11-17,158.52999877929688,156.52000427246094,158.36000061035156,157.02999877929688,2393000.0,133.77378845214844
2015-11-18,157.5,156.0800018310547,156.17999267578125,157.38999938964844,2226900.0,134.96144104003906
2015-11-19,158.50999450683594,156.7100067138672,157.6300048828125,158.3800048828125,1518200.0,135.8103485107422
2015-11-20,159.83999633789062,158.33999633789062,158.67999267578125,158.9499969482422,1891100.0,136.29913330078125
2015-11-23,159.77000427246094,158.16000366210938,158.89999389648438,158.64999389648438,1430400.0,136.04188537597656
2015-11-24,158.33999633789062,156.88999938964844,157.3699951171875,157.75,2100600.0,135.2701416015625
2015-11-25,158.47000122070312,157.6300048828125,158.05999755859375,157.6300048828125,1184100.0,135.16722106933594
2015-11-27,158.49000549316406,156.94000244140625,157.50999450683594,157.99000549316406,876100.0,135.4759521484375
2015-11-30,158.47000122070312,156.57000732421875,158.10000610351562,156.5800018310547,2934200.0,134.26687622070312
2015-12-01,157.6699981689453,156.1699981689453,156.41000366210938,156.89999389648438,2259000.0,134.54127502441406
2015-12-02,157.25,155.50999450683594,156.8800048828125,155.6999969482422,2034700.0,133.51226806640625
2015-12-03,156.89999389648438,153.7100067138672,156.55999755859375,154.3800048828125,2609500.0,132.38040161132812
2015-12-04,158.38999938964844,154.57000732421875,154.7899932861328,158.22000122070312,2175800.0,135.67312622070312
2015-12-07,158.0,156.80999755859375,157.52999877929688,157.75,2142800.0,135.2701416015625
2015-12-08,157.86000061035156,155.67999267578125,156.44000244140625,156.7899932861328,2350400.0,134.44691467285156
2015-12-09,158.24000549316406,154.94000244140625,156.1699981689453,156.0500030517578,2660800.0,133.8124237060547
2015-12-10,158.69000244140625,155.58999633789062,155.72999572753906,157.52000427246094,2551200.0,135.07290649414062
2015-12-11,156.39999389648438,154.4199981689453,155.5500030517578,154.8300018310547,2523200.0,132.76625061035156
2015-12-14,157.77000427246094,154.33999633789062,155.2899932861328,157.6300048828125,3462200.0,135.16722106933594
2015-12-15,153.02000427246094,147.0800018310547,151.99000549316406,148.1300048828125,8645900.0,127.02101135253906
2015-12-16,150.5399932861328,147.74000549316406,148.14999389648438,149.9499969482422,4774100.0,128.58164978027344
2015-12-17,150.86000061035156,148.8300018310547,150.14999389648438,148.85000610351562,3053900.0,127.638427734375
2015-12-18,148.60000610351562,146.75999450683594,148.2100067138672,146.9199981689453,5736400.0,125.98345947265625
2015-12-21,148.3300018310547,146.69000244140625,147.5800018310547,147.47999572753906,2284400.0,126.46363067626953
2015-12-22,149.49000549316406,147.27999877929688,148.1199951171875,148.97000122070312,2528700.0,127.7413101196289
2015-12-23,151.5800018310547,149.52000427246094,149.69000244140625,151.16000366210938,2215300.0,129.61923217773438
2015-12-24,151.8000030517578,150.5800018310547,150.82000732421875,151.19000244140625,848400.0,129.64495849609375
2015-12-28,151.77000427246094,150.27000427246094,151.1300048828125,151.22000122070312,1275200.0,129.67068481445312
2015-12-29,153.25999450683594,152.0,152.1999969482422,152.88999938964844,1824700.0,131.10269165039062
2015-12-30,153.6999969482422,151.72999572753906,152.7899932861328,151.91000366210938,1553100.0,130.26239013671875
2015-12-31,152.1199951171875,150.6300048828125,151.72999572753906,150.63999938964844,1607100.0,129.17335510253906
2016-01-04,148.32000732421875,145.39999389648438,148.0500030517578,146.82000732421875,3277200.0,125.89771270751953
2016-01-05,147.5,145.61000061035156,146.82000732421875,147.4600067138672,2688100.0,126.44650268554688
2016-01-06,145.75999450683594,143.4199981689453,145.58999633789062,144.49000549316406,2997100.0,123.89974212646484
2016-01-07,143.1300048828125,140.6300048828125,142.52000427246094,140.97000122070312,3553500.0,120.88134002685547
2016-01-08,142.5,140.22000122070312,141.36000061035156,140.49000549316406,2664000.0,120.4697265625
2016-01-11,141.42999267578125,139.41000366210938,140.97000122070312,140.4600067138672,2775500.0,120.44403076171875
2016-01-12,142.14999389648438,139.1300048828125,141.36000061035156,140.86000061035156,2363500.0,120.78701782226562
2016-01-13,142.19000244140625,138.5399932861328,140.88999938964844,138.72000122070312,2598300.0,118.95198822021484
2016-01-14,142.44000244140625,138.86000061035156,139.74000549316406,141.17999267578125,3720400.0,121.0614013671875
2016-01-15,140.10000610351562,137.2100067138672,138.3000030517578,138.69000244140625,4683500.0,118.92625427246094
2016-01-19,140.8000030517578,137.41000366210938,140.10000610351562,138.38999938964844,3399800.0,118.66901397705078
2016-01-20,137.75,134.63999938964844,136.9499969482422,136.9600067138672,4136300.0,117.44277954101562
2016-01-21,138.6699981689453,136.14999389648438,136.9600067138672,137.75999450683594,3355200.0,118.12876892089844
2016-01-22,140.42999267578125,138.0800018310547,140.13999938964844,139.52000427246094,2979100.0,119.63797760009766
2016-01-25,139.3699951171875,137.52999877929688,138.9600067138672,137.57000732421875,2805500.0,117.96585845947266
2016-01-26,145.02000427246094,140.3300018310547,141.7899932861328,144.77999877929688,5129100.0,124.14837646484375
2016-01-27,147.97000122070312,144.0500030517578,144.9499969482422,145.5500030517578,3596400.0,124.80870056152344
2016-01-28,147.83999633789062,145.22000122070312,146.16000366210938,147.32000732421875,3067400.0,126.32644653320312
2016-01-29,151.0,148.0,148.24000549316406,151.0,3993200.0,129.4820556640625
2016-02-01,149.7899932861328,148.10000610351562,149.3300018310547,148.72999572753906,2701500.0,127.53550720214844
2016-02-02,148.27999877929688,146.0500030517578,147.58999633789062,147.8699951171875,3581800.0,126.7980728149414
2016-02-03,152.85000610351562,148.9600067138672,149.36000061035156,152.52000427246094,5766800.0,130.7854766845703
2016-02-04,154.3800048828125,151.77999877929688,152.4199981689453,153.44000244140625,3458400.0,131.5743408203125
2016-02-05,153.8800048828125,151.82000732421875,153.1999969482422,153.47000122070312,3368500.0,131.6000518798828
2016-02-08,154.42999267578125,151.00999450683594,151.6300048828125,153.89999389648438,2505400.0,131.96878051757812
2016-02-09,155.75999450683594,152.4499969482422,152.9499969482422,154.74000549316406,2968400.0,132.6890869140625
2016-02-10,155.49000549316406,152.1199951171875,154.42999267578125,152.4499969482422,2911900.0,131.669921875
2016-02-11,152.0,149.0,149.91000366210938,150.6699981689453,3182200.0,130.13253784179688
2016-02-12,154.07000732421875,150.6699981689453,150.6699981689453,153.9600067138672,2292200.0,132.9740753173828
2016-02-16,155.89999389648438,154.25999450683594,155.0,155.52999877929688,2140600.0,134.33010864257812
2016-02-17,157.1300048828125,155.60000610351562,156.0,156.6199951171875,2156100.0,135.271484375
2016-02-18,156.97000122070312,155.97000122070312,156.35000610351562,156.77999877929688,2010200.0,135.40968322753906
2016-02-19,157.08999633789062,155.8699951171875,157.0,156.4499969482422,2121300.0,135.1246795654297
2016-02-22,158.47999572753906,156.4499969482422,156.4499969482422,157.6999969482422,2207600.0,136.20431518554688
2016-02-23,157.69000244140625,155.1699981689453,157.6300048828125,156.1699981689453,1922800.0,134.88284301757812
2016-02-24,157.6199951171875,153.63999938964844,154.83999633789062,157.22000122070312,1937800.0,135.78973388671875
2016-02-25,159.0,157.00999450683594,157.5399932861328,158.99000549316406,1718100.0,137.3184814453125
2016-02-26,159.5,158.0800018310547,159.14999389648438,158.27000427246094,1843700.0,136.6966094970703
2016-02-29,159.1199951171875,156.82000732421875,158.00999450683594,156.8699951171875,1993200.0,135.48741149902344
2016-03-01,159.6999969482422,157.61000061035156,158.75,159.58999633789062,2204100.0,137.83665466308594
2016-03-02,159.8800048828125,158.5399932861328,158.8800048828125,159.41000366210938,1807200.0,137.6812286376953
2016-03-03,159.69000244140625,158.50999450683594,159.41000366210938,159.3800048828125,1926000.0,137.65530395507812
2016-03-04,160.2899932861328,158.9199981689453,159.4600067138672,160.07000732421875,1766300.0,138.25123596191406
2016-03-07,160.57000732421875,158.1699981689453,159.97999572753906,160.57000732421875,2012800.0,138.68309020996094
2016-03-08,160.61000061035156,159.35000610351562,159.39999389648438,160.1999969482422,2020100.0,138.363525390625
2016-03-09,160.77999877929688,159.52000427246094,160.5,160.08999633789062,1883000.0,138.2685546875
2016-03-10,160.8000030517578,158.27999877929688,160.77000427246094,159.88999938964844,1875700.0,138.0957794189453
2016-03-11,162.0500030517578,160.64999389648438,161.13999938964844,161.8800048828125,1697200.0,139.81454467773438
2016-03-14,162.77000427246094,161.0,161.61000061035156,161.80999755859375,1747300.0,139.75405883789062
2016-03-15,162.5,159.35000610351562,160.16000366210938,162.41000366210938,1827900.0,140.2722930908203
2016-03-16,163.3000030517578,161.52000427246094,161.9600067138672,162.88999938964844,1927700.0,140.6868896484375
2016-03-17,164.36000061035156,162.83999633789062,163.16000366210938,163.75,2790000.0,141.42965698242188
2016-03-18,165.3300018310547,163.89999389648438,164.14999389648438,165.3300018310547,5853000.0,142.79428100585938
2016-03-21,165.30999755859375,164.41000366210938,165.0500030517578,164.83999633789062,2095100.0,142.3710174560547
2016-03-22,165.5,164.38999938964844,164.5,164.91000366210938,2146300.0,142.4315643310547
2016-03-23,164.99000549316406,163.4600067138672,164.60000610351562,164.27000427246094,2305000.0,141.8787384033203
2016-03-24,164.5399932861328,163.0500030517578,163.67999267578125,164.4600067138672,1868800.0,142.04287719726562
2016-03-28,166.64999389648438,164.5800018310547,164.92999267578125,166.27999877929688,2336700.0,143.61477661132812
2016-03-29,164.99000549316406,163.1199951171875,164.92999267578125,164.38999938964844,2525000.0,141.98236083984375
2016-03-30,167.22000122070312,165.16000366210938,165.3699951171875,166.75,2195300.0,144.0207061767578
2016-03-31,167.5,166.5,166.75,166.6300048828125,1777200.0,143.91709899902344
2016-04-01,167.74000549316406,164.7899932861328,165.6300048828125,167.52999877929688,2011600.0,144.69442749023438
2016-04-04,167.49000549316406,165.9199981689453,167.11000061035156,166.39999389648438,2022800.0,143.71841430664062
2016-04-05,166.5500030517578,164.64999389648438,165.17999267578125,165.80999755859375,1617400.0,143.20883178710938
2016-04-06,167.0800018310547,164.83999633789062,165.33999633789062,166.80999755859375,2092200.0,144.072509765625
2016-04-07,167.22999572753906,165.25,165.8800048828125,167.16000366210938,2728300.0,144.3748779296875
2016-04-08,167.99000549316406,166.10000610351562,167.7100067138672,166.6300048828125,1729300.0,143.91709899902344
2016-04-11,167.9600067138672,166.57000732421875,167.1199951171875,166.58999633789062,1521100.0,143.88253784179688
2016-04-12,168.39999389648438,166.92999267578125,167.00999450683594,168.02999877929688,1636500.0,145.1262664794922
2016-04-13,168.89999389648438,167.7100067138672,168.47000122070312,168.58999633789062,1545900.0,145.60989379882812
2016-04-14,169.0,167.8800048828125,169.0,168.16000366210938,1213400.0,145.23854064941406
2016-04-15,169.0,168.1999969482422,168.32000732421875,168.77999877929688,1417000.0,145.7740020751953
2016-04-18,169.8699951171875,168.38999938964844,168.47000122070312,169.5500030517578,1146600.0,146.43905639648438
2016-04-19,170.77000427246094,169.07000732421875,169.9199981689453,169.64999389648438,1849100.0,146.52540588378906
2016-04-20,170.4499969482422,168.6199951171875,170.13999938964844,168.94000244140625,1439700.0,145.9122314453125
2016-04-21,169.6999969482422,168.41000366210938,168.97000122070312,168.66000366210938,1635000.0,145.67034912109375
2016-04-22,169.75999450683594,167.85000610351562,169.08999633789062,168.66000366210938,1802300.0,145.67034912109375
2016-04-25,168.50999450683594,166.63999938964844,168.0,168.3800048828125,2378300.0,145.42852783203125
2016-04-26,167.7899932861328,164.97000122070312,167.5,166.17999267578125,3192100.0,143.52838134765625
2016-04-27,168.3800048828125,166.10000610351562,166.99000549316406,167.75999450683594,2227700.0,144.8930206298828
2016-04-28,168.77000427246094,166.1999969482422,166.85000610351562,167.0,1654700.0,144.2366485595703
2016-04-29,167.77999877929688,166.5,166.97999572753906,167.3800048828125,1961200.0,144.56483459472656
2016-05-02,168.5,166.94000244140625,167.3000030517578,168.33999633789062,1700300.0,145.39401245117188
2016-05-03,168.07000732421875,166.66000366210938,167.38999938964844,167.97000122070312,1922200.0,145.07444763183594
2016-05-04,167.6999969482422,166.2899932861328,166.3699951171875,167.16000366210938,2118100.0,144.3748779296875
2016-05-05,168.3300018310547,167.19000244140625,167.4600067138672,167.77000427246094,1680200.0,144.9016571044922
2016-05-06,169.0500030517578,167.0,167.83999633789062,168.88999938964844,1630200.0,145.8690185546875
2016-05-09,169.0500030517578,167.69000244140625,168.58999633789062,168.52000427246094,1301300.0,145.54945373535156
2016-05-10,170.38999938964844,169.0,169.22999572753906,170.25999450683594,1732600.0,147.05223083496094
2016-05-11,171.27000427246094,169.57000732421875,170.1999969482422,169.77000427246094,1786400.0,146.62908935546875
2016-05-12,170.6300048828125,168.75999450683594,169.86000061035156,170.14999389648438,1741900.0,146.95726013183594
2016-05-13,170.3800048828125,167.82000732421875,170.0500030517578,168.32000732421875,1875900.0,145.37667846679688
2016-05-16,169.89999389648438,168.42999267578125,168.5,169.5500030517578,1826200.0,146.43905639648438
2016-05-17,169.94000244140625,167.08999633789062,169.57000732421875,167.80999755859375,2126000.0,144.93621826171875
2016-05-18,167.92999267578125,165.75999450683594,166.5,166.82000732421875,1624400.0,145.0405731201172
2016-05-19,166.05999755859375,163.1699981689453,165.3699951171875,165.11000061035156,1657300.0,143.55381774902344
2016-05-20,166.47000122070312,164.92999267578125,165.25,165.00999450683594,1746500.0,143.46685791015625
2016-05-23,166.55999755859375,164.52000427246094,165.27999877929688,166.11000061035156,1653500.0,144.42323303222656
2016-05-24,168.7899932861328,166.6999969482422,167.16000366210938,168.6300048828125,1627400.0,146.61424255371094
2016-05-25,170.36000061035156,168.75,169.0,169.99000549316406,1860000.0,147.79666137695312
2016-05-26,170.77000427246094,168.52999877929688,170.00999450683594,168.91000366210938,1563900.0,146.857666015625
2016-05-27,169.02999877929688,168.27999877929688,168.91000366210938,168.88999938964844,1099100.0,146.84030151367188
2016-05-31,169.75,167.66000366210938,169.32000732421875,168.32000732421875,2169600.0,146.34469604492188
2016-06-01,168.92999267578125,167.08999633789062,167.77999877929688,168.69000244140625,1228200.0,146.6664581298828
2016-06-02,168.7100067138672,167.27000427246094,168.7100067138672,168.0399932861328,1980500.0,146.10128784179688
2016-06-03,168.66000366210938,167.50999450683594,168.0500030517578,168.3800048828125,1433500.0,146.39688110351562
2016-06-06,170.58999633789062,168.58999633789062,168.85000610351562,170.0800018310547,1510700.0,147.87493896484375
2016-06-07,171.49000549316406,170.22000122070312,170.25,170.91000366210938,1723100.0,148.5966033935547
2016-06-08,171.92999267578125,170.64999389648438,170.9499969482422,171.4199981689453,1684900.0,149.03997802734375
2016-06-09,171.47000122070312,169.39999389648438,170.5,170.1300048828125,2208800.0,147.91842651367188
2016-06-10,169.3000030517578,167.8800048828125,169.27000427246094,168.55999755859375,2123400.0,146.55340576171875
2016-06-13,168.63999938964844,167.11000061035156,168.4499969482422,167.1300048828125,2129900.0,145.31008911132812
2016-06-14,167.80999755859375,166.60000610351562,167.2899932861328,167.61000061035156,2021400.0,145.7274169921875
2016-06-15,168.86000061035156,167.47000122070312,167.9499969482422,167.8000030517578,1694200.0,145.89260864257812
2016-06-16,170.38999938964844,166.6199951171875,167.35000610351562,169.92999267578125,2632100.0,147.74452209472656
2016-06-17,170.0,168.4199981689453,169.99000549316406,168.94000244140625,3448000.0,146.88381958007812
2016-06-20,172.8000030517578,170.52999877929688,170.89999389648438,171.22999572753906,2162800.0,148.8748321533203
2016-06-21,171.97000122070312,171.05999755859375,171.17999267578125,171.3699951171875,1889100.0,148.99655151367188
2016-06-22,172.60000610351562,170.99000549316406,171.8300018310547,171.22999572753906,1369600.0,148.8748321533203
2016-06-23,174.14999389648438,172.4600067138672,172.7100067138672,174.11000061035156,2021600.0,151.37881469726562
2016-06-24,171.5399932861328,168.39999389648438,168.8699951171875,169.1199951171875,4567500.0,147.04031372070312
2016-06-27,167.8300018310547,165.16000366210938,167.77999877929688,167.19000244140625,2544100.0,145.36228942871094
2016-06-28,169.6699981689453,167.9600067138672,168.13999938964844,169.58999633789062,2237300.0,147.44891357421875
2016-06-29,171.85000610351562,170.36000061035156,171.02000427246094,171.52000427246094,1894100.0,149.126953125
2016-06-30,175.13999938964844,172.05999755859375,172.05999755859375,175.1199951171875,2449400.0,152.25694274902344
2016-07-01,176.0800018310547,174.91000366210938,175.13999938964844,175.5399932861328,1930900.0,152.6221160888672
2016-07-05,175.77999877929688,173.50999450683594,174.86000061035156,175.6300048828125,2353600.0,152.7003631591797
2016-07-06,175.47000122070312,174.05999755859375,175.1999969482422,175.16000366210938,2383300.0,152.29173278808594
2016-07-07,175.63999938964844,174.1300048828125,175.08999633789062,174.8699951171875,1842300.0,152.0395965576172
2016-07-08,177.7899932861328,175.82000732421875,175.8699951171875,177.1199951171875,2726600.0,153.99581909179688
2016-07-11,178.47000122070312,177.19000244140625,177.41000366210938,178.00999450683594,1659500.0,154.76963806152344
2016-07-12,179.6300048828125,178.02999877929688,178.75,179.16000366210938,1912900.0,155.76950073242188
2016-07-13,179.6699981689453,178.69000244140625,179.22000122070312,179.2100067138672,1491500.0,155.8129425048828
2016-07-14,181.32000732421875,179.8800048828125,180.14999389648438,180.89999389648438,1904300.0,157.28233337402344
2016-07-15,181.83999633789062,180.55999755859375,181.5,181.39999389648438,2475200.0,157.717041015625
2016-07-18,181.6999969482422,180.75,181.44000244140625,181.11000061035156,1224400.0,157.4649200439453
2016-07-19,181.64999389648438,180.2899932861328,181.11000061035156,181.24000549316406,1051300.0,157.5779571533203
2016-07-20,182.27000427246094,181.32000732421875,181.72999572753906,181.4199981689453,1413300.0,157.73440551757812
2016-07-21,181.55999755859375,179.6999969482422,181.2899932861328,180.25999450683594,1870800.0,156.7258758544922
2016-07-22,180.52999877929688,179.36000061035156,180.4199981689453,180.44000244140625,1205600.0,156.8823699951172
2016-07-25,180.4199981689453,178.9199981689453,180.1999969482422,179.6300048828125,1937000.0,156.1781463623047
2016-07-26,178.99000549316406,176.13999938964844,177.1699981689453,177.66000366210938,3421600.0,154.46533203125
2016-07-27,178.94000244140625,177.41000366210938,177.41000366210938,178.27000427246094,2359700.0,154.99571228027344
2016-07-28,178.3699951171875,177.02999877929688,177.64999389648438,177.97999572753906,1799500.0,154.74356079101562
2016-07-29,178.82000732421875,177.6199951171875,178.11000061035156,178.36000061035156,1621900.0,155.0739288330078
2016-08-01,178.5399932861328,177.0800018310547,177.0800018310547,178.2899932861328,1598400.0,155.01309204101562
2016-08-02,178.6199951171875,177.24000549316406,178.5800018310547,178.36000061035156,2115100.0,155.0739288330078
2016-08-03,179.1300048828125,177.97000122070312,178.72000122070312,178.3800048828125,1419300.0,155.09133911132812
2016-08-04,179.4199981689453,177.63999938964844,178.9600067138672,177.80999755859375,1071800.0,154.59576416015625
2016-08-05,179.00999450683594,177.3699951171875,178.25,178.57000732421875,1799500.0,155.25650024414062
2016-08-08,179.02000427246094,178.27000427246094,178.89999389648438,178.5800018310547,1327700.0,155.26524353027344
2016-08-09,178.89999389648438,177.94000244140625,178.3699951171875,178.38999938964844,1098900.0,155.09999084472656
2016-08-10,178.85000610351562,177.85000610351562,178.1199951171875,178.82000732421875,1226300.0,155.47390747070312
2016-08-11,181.10000610351562,178.8800048828125,179.0800018310547,181.0,2043400.0,157.36924743652344
2016-08-12,181.47000122070312,179.89999389648438,181.47000122070312,180.27000427246094,1232900.0,156.73458862304688
2016-08-15,181.38999938964844,180.4600067138672,181.0,180.55999755859375,1268200.0,156.9866943359375
2016-08-16,180.3300018310547,179.2100067138672,180.1199951171875,179.25,1363600.0,155.84771728515625
2016-08-17,180.08999633789062,178.32000732421875,178.6699981689453,179.8699951171875,1358500.0,157.36122131347656
2016-08-18,179.6999969482422,178.5800018310547,179.6999969482422,179.17999267578125,1087900.0,156.75758361816406
2016-08-19,179.77999877929688,178.0800018310547,178.66000366210938,179.61000061035156,1305300.0,157.13377380371094
2016-08-22,179.58999633789062,178.3699951171875,179.17999267578125,179.07000732421875,1336400.0,156.661376953125
2016-08-23,180.5399932861328,179.27999877929688,179.61000061035156,179.77000427246094,1195800.0,157.2737579345703
2016-08-24,179.9600067138672,179.00999450683594,179.41000366210938,179.41000366210938,1137100.0,156.95880126953125
2016-08-25,180.32000732421875,179.0500030517578,179.08999633789062,179.5800018310547,840300.0,157.1075439453125
2016-08-26,181.25,178.9199981689453,180.19000244140625,179.41000366210938,1324700.0,156.95880126953125
2016-08-29,180.6999969482422,179.27999877929688,179.86000061035156,180.5,1051800.0,157.9124298095703
2016-08-30,181.02000427246094,179.58999633789062,180.72000122070312,180.14999389648438,1039800.0,157.606201171875
2016-08-31,179.77000427246094,178.5800018310547,179.49000549316406,179.24000549316406,1636000.0,156.81008911132812
2016-09-01,180.1699981689453,178.8000030517578,179.30999755859375,179.97999572753906,1095300.0,157.45745849609375
2016-09-02,181.49000549316406,180.08999633789062,180.52999877929688,180.80999755859375,1319000.0,158.18362426757812
2016-09-06,181.27999877929688,179.8800048828125,180.55999755859375,180.4600067138672,1328100.0,157.87744140625
2016-09-07,180.5399932861328,179.5399932861328,180.0399932861328,179.75,1133200.0,157.2562713623047
2016-09-08,180.2100067138672,178.94000244140625,179.19000244140625,180.10000610351562,1424000.0,157.56246948242188
2016-09-09,179.0,175.63999938964844,178.88999938964844,175.63999938964844,2083300.0,153.66058349609375
2016-09-12,178.39999389648438,174.69000244140625,175.0,178.10000610351562,1913300.0,155.81277465820312
2016-09-13,177.60000610351562,175.9499969482422,176.8300018310547,176.07000732421875,1864600.0,154.03680419921875
2016-09-14,177.35000610351562,175.1999969482422,175.9600067138672,175.6199951171875,1864800.0,153.64308166503906
2016-09-15,177.0,175.36000061035156,175.52999877929688,176.58999633789062,1663800.0,154.49172973632812
2016-09-16,175.9499969482422,174.38999938964844,175.8800048828125,175.05999755859375,3358800.0,153.1531524658203
2016-09-19,177.9499969482422,176.0500030517578,176.0500030517578,176.72000122070312,1754900.0,154.60543823242188
2016-09-20,178.5,177.3300018310547,177.7100067138672,177.60000610351562,1598600.0,155.37533569335938
2016-09-21,179.8000030517578,177.5,177.8800048828125,179.58999633789062,1760000.0,157.11627197265625
2016-09-22,181.66000366210938,179.64999389648438,179.8300018310547,179.85000610351562,1849000.0,157.34376525878906
2016-09-23,179.6999969482422,177.19000244140625,179.39999389648438,177.38999938964844,1911000.0,155.19161987304688
2016-09-26,176.91000366210938,175.8000030517578,176.85000610351562,175.9499969482422,1821000.0,153.93179321289062
2016-09-27,177.02999877929688,175.5800018310547,175.61000061035156,176.3000030517578,2433600.0,154.23800659179688
2016-09-28,177.97999572753906,176.69000244140625,176.77999877929688,177.58999633789062,1694000.0,155.3665771484375
2016-09-29,177.6300048828125,174.8699951171875,177.47999572753906,175.3699951171875,1853600.0,153.42434692382812
2016-09-30,177.14999389648438,176.08999633789062,176.5800018310547,176.22999572753906,2419400.0,154.17678833007812
2016-10-03,175.9499969482422,174.39999389648438,175.3300018310547,175.0399932861328,1785600.0,153.13568115234375
2016-10-04,174.97000122070312,171.1999969482422,174.58999633789062,171.67999267578125,3166900.0,150.19613647460938
2016-10-05,172.55999755859375,171.33999633789062,171.66000366210938,172.38999938964844,2305500.0,150.8173065185547
2016-10-06,172.32000732421875,170.60000610351562,171.92999267578125,171.63999938964844,2273400.0,150.16114807128906
2016-10-07,171.94000244140625,170.0399932861328,171.89999389648438,171.3300018310547,2249100.0,149.88992309570312
2016-10-10,172.75,170.94000244140625,171.83999633789062,171.13999938964844,1936600.0,149.72369384765625
2016-10-11,170.47000122070312,168.69000244140625,170.24000549316406,169.67999267578125,1998700.0,148.4464111328125
2016-10-12,170.17999267578125,168.88999938964844,169.60000610351562,169.72000122070312,1554100.0,148.48138427734375
2016-10-13,170.30999755859375,168.4600067138672,168.8699951171875,170.02000427246094,1919700.0,148.74388122558594
2016-10-14,171.38999938964844,170.3000030517578,170.99000549316406,170.3300018310547,1512400.0,149.0150604248047
2016-10-17,171.08999633789062,169.94000244140625,170.5399932861328,170.2100067138672,1229200.0,148.9101104736328
2016-10-18,171.91000366210938,169.83999633789062,171.67999267578125,169.9499969482422,1185600.0,148.68260192871094
2016-10-19,170.94000244140625,169.66000366210938,170.8000030517578,169.91000366210938,1164200.0,148.6476593017578
2016-10-20,170.33999633789062,168.99000549316406,169.57000732421875,169.86000061035156,1210500.0,148.60386657714844
2016-10-21,169.55999755859375,167.72000122070312,168.11000061035156,169.5,2013200.0,148.28897094726562
2016-10-24,173.44000244140625,170.89999389648438,172.64999389648438,171.27000427246094,2668500.0,149.83743286132812
2016-10-25,169.88999938964844,165.11000061035156,169.47000122070312,166.22999572753906,3826200.0,145.42811584472656
2016-10-26,167.7899932861328,165.41000366210938,165.69000244140625,166.50999450683594,2174900.0,145.673095703125
2016-10-27,166.9499969482422,165.27999877929688,166.8699951171875,165.75999450683594,1486400.0,145.0169677734375
2016-10-28,167.17999267578125,165.13999938964844,166.5500030517578,165.77000427246094,1934300.0,145.0257568359375
2016-10-31,166.5399932861328,165.17999267578125,166.4600067138672,165.3000030517578,2289100.0,144.61453247070312
2016-11-01,165.80999755859375,163.85000610351562,165.39999389648438,164.25,2455600.0,143.6959228515625
2016-11-02,166.3699951171875,163.91000366210938,164.6999969482422,165.72999572753906,2233400.0,144.99070739746094
2016-11-03,167.63999938964844,165.25999450683594,166.13999938964844,166.8300018310547,2505000.0,145.95303344726562
2016-11-04,167.85000610351562,166.4199981689453,167.2100067138672,166.47999572753906,1927500.0,145.6468505859375
2016-11-07,169.88999938964844,167.97999572753906,168.14999389648438,169.74000549316406,1930900.0,148.49893188476562
2016-11-08,172.0500030517578,169.77999877929688,169.89999389648438,171.02999877929688,1955700.0,149.62745666503906
2016-11-09,171.0,165.83999633789062,165.83999633789062,170.38999938964844,3659300.0,149.0675811767578
2016-11-10,174.6699981689453,169.7899932861328,170.16000366210938,174.27999877929688,3280000.0,152.47076416015625
2016-11-11,175.1300048828125,173.72999572753906,174.0500030517578,175.0800018310547,1868200.0,153.170654296875
2016-11-14,175.50999450683594,171.89999389648438,175.22999572753906,172.91000366210938,2607000.0,151.27223205566406
2016-11-15,174.25,171.91000366210938,173.16000366210938,174.24000549316406,2177100.0,152.43577575683594
2016-11-16,173.22999572753906,171.57000732421875,173.1300048828125,172.00999450683594,2022600.0,151.44964599609375
2016-11-17,173.25,172.00999450683594,172.00999450683594,172.77000427246094,1783700.0,152.1188201904297
2016-11-18,173.27999877929688,172.2899932861328,172.50999450683594,172.9600067138672,1711100.0,152.28611755371094
2016-11-21,171.97999572753906,170.72000122070312,171.4199981689453,171.52000427246094,1993900.0,151.01821899414062
2016-11-22,172.0800018310547,171.27999877929688,171.6699981689453,171.91000366210938,1553300.0,151.3616485595703
2016-11-23,172.75,171.75999450683594,172.0800018310547,172.25,1477900.0,151.66098022460938
2016-11-25,173.99000549316406,172.2100067138672,172.2100067138672,173.49000549316406,945800.0,152.7527313232422
2016-11-28,173.77000427246094,172.27999877929688,173.55999755859375,172.5,1677700.0,151.88108825683594
2016-11-29,173.2899932861328,172.14999389648438,172.5399932861328,172.77000427246094,1483200.0,152.1188201904297
2016-11-30,173.19000244140625,171.58999633789062,172.1999969482422,171.74000549316406,2595800.0,151.21197509765625
2016-12-01,172.74000549316406,171.4499969482422,171.63999938964844,172.6300048828125,1756900.0,151.9955596923828
2016-12-02,173.69000244140625,172.24000549316406,172.52999877929688,172.42999267578125,1871500.0,151.8194580078125
2016-12-05,172.9499969482422,171.08999633789062,172.6300048828125,171.6199951171875,2181300.0,151.10629272460938
2016-12-06,172.02999877929688,171.22999572753906,171.82000732421875,171.8000030517578,1467500.0,151.26475524902344
2016-12-07,176.05999755859375,171.97000122070312,172.3800048828125,176.0500030517578,3164300.0,155.00677490234375
2016-12-08,176.35000610351562,174.77000427246094,176.0800018310547,175.8800048828125,1790700.0,154.85707092285156
2016-12-09,178.8699951171875,175.3000030517578,175.36000061035156,178.49000549316406,2650400.0,157.15513610839844
2016-12-12,179.80999755859375,177.57000732421875,178.25,179.63999938964844,2296100.0,158.1676483154297
2016-12-13,180.05999755859375,176.77000427246094,179.57000732421875,178.8300018310547,2708600.0,157.4544677734375
2016-12-14,179.38999938964844,176.41000366210938,179.16000366210938,176.60000610351562,2234200.0,155.49102783203125
2016-12-15,177.5800018310547,175.0500030517578,177.25999450683594,176.02000427246094,2055600.0,154.98033142089844
2016-12-16,178.5,176.5500030517578,176.55999755859375,177.4499969482422,3889700.0,156.23941040039062
2016-12-19,178.6699981689453,177.32000732421875,177.61000061035156,178.16000366210938,1382000.0,156.8645782470703
2016-12-20,179.3300018310547,178.05999755859375,178.33999633789062,178.64999389648438,1378200.0,157.2959747314453
2016-12-21,179.52999877929688,178.4199981689453,178.60000610351562,178.42999267578125,1555900.0,157.10227966308594
2016-12-22,179.4600067138672,177.97999572753906,178.88999938964844,179.1999969482422,1225600.0,157.78024291992188
2016-12-23,179.2899932861328,178.52999877929688,179.08999633789062,178.75,731100.0,157.384033203125
2016-12-27,179.1999969482422,178.57000732421875,178.66000366210938,178.9199981689453,651000.0,157.53369140625
2016-12-28,179.4499969482422,178.02000427246094,178.8800048828125,178.0800018310547,1287900.0,156.7941131591797
2016-12-29,179.13999938964844,178.02999877929688,178.2899932861328,178.41000366210938,1102000.0,157.08470153808594
2016-12-30,179.47999572753906,178.2899932861328,179.0,178.57000732421875,1594200.0,157.2255401611328
2017-01-03,180.0,177.22000122070312,178.8300018310547,178.0500030517578,2509300.0,156.76771545410156
2017-01-04,178.89999389648438,177.61000061035156,178.02999877929688,178.32000732421875,1542000.0,157.0054168701172
2017-01-05,179.13999938964844,176.88999938964844,178.25999450683594,177.7100067138672,1447800.0,156.46832275390625
2017-01-06,178.60000610351562,175.8000030517578,177.2899932861328,178.22999572753906,1625000.0,156.92617797851562
2017-01-09,178.3800048828125,177.1999969482422,178.3699951171875,177.27000427246094,1622600.0,156.08094787597656
2017-01-10,177.49000549316406,176.30999755859375,177.36000061035156,176.5800018310547,2030100.0,155.4734344482422
2017-01-11,178.4499969482422,176.38999938964844,176.6300048828125,177.88999938964844,1579600.0,156.6267852783203
2017-01-12,177.6999969482422,175.75,176.97000122070312,177.44000244140625,1321800.0,156.23062133789062
2017-01-13,177.91000366210938,176.8300018310547,177.5800018310547,177.38999938964844,1265500.0,156.1865997314453
2017-01-17,177.67999267578125,176.25,177.0,177.25999450683594,1557500.0,156.07215881347656
2017-01-18,179.44000244140625,177.3800048828125,177.89999389648438,178.49000549316406,1804600.0,157.15513610839844
2017-01-19,179.8000030517578,177.75999450683594,179.25,178.67999267578125,1464400.0,157.32240295410156
2017-01-20,179.4600067138672,177.8300018310547,179.1999969482422,178.49000549316406,1761900.0,157.15513610839844
2017-01-23,178.99000549316406,177.1300048828125,177.91000366210938,178.50999450683594,1986800.0,157.17271423339844
2017-01-24,177.75999450683594,174.4199981689453,177.5,175.97000122070312,3473200.0,154.93634033203125
2017-01-25,178.6300048828125,176.57000732421875,177.08999633789062,176.72999572753906,3462600.0,155.60549926757812
2017-01-26,177.22999572753906,176.0399932861328,176.30999755859375,176.82000732421875,2235900.0,155.68472290039062
2017-01-27,177.97999572753906,176.8300018310547,177.47999572753906,177.47999572753906,1623700.0,156.2658233642578
2017-01-30,177.72999572753906,174.8699951171875,177.25,175.4199981689453,1823100.0,154.45205688476562
2017-01-31,175.4600067138672,173.80999755859375,174.74000549316406,174.82000732421875,1845500.0,153.9237823486328
2017-02-01,175.8000030517578,174.3000030517578,175.1699981689453,175.1699981689453,2272900.0,154.23191833496094
2017-02-02,174.77999877929688,173.5500030517578,174.1300048828125,174.17999267578125,3106800.0,153.36029052734375
2017-02-03,175.3000030517578,173.85000610351562,174.02000427246094,175.0399932861328,2820500.0,154.11746215820312
2017-02-06,176.1999969482422,173.89999389648438,174.1199951171875,175.10000610351562,1622800.0,154.17030334472656
2017-02-07,176.39999389648438,175.14999389648438,176.0800018310547,175.75999450683594,1247400.0,154.7514190673828
2017-02-08,177.60000610351562,175.49000549316406,175.6199951171875,177.07000732421875,2145700.0,155.9048309326172
2017-02-09,178.5500030517578,176.8699951171875,176.8699951171875,178.17999267578125,2009700.0,156.8821563720703
2017-02-10,179.5800018310547,178.19000244140625,178.3000030517578,179.0,1392400.0,157.60414123535156
2017-02-13,181.3800048828125,179.25999450683594,179.86000061035156,181.02000427246094,1929800.0,159.38270568847656
2017-02-14,182.0,180.64999389648438,180.86000061035156,181.60000610351562,2035900.0,159.8933868408203
2017-02-15,181.8300018310547,180.14999389648438,180.3000030517578,181.6999969482422,1762900.0,161.02328491210938
2017-02-16,183.4600067138672,181.6199951171875,181.75,183.41000366210938,2164000.0,162.53866577148438
2017-02-17,183.60000610351562,182.52999877929688,183.42999267578125,182.9499969482422,1961500.0,162.13099670410156
2017-02-21,183.6199951171875,182.0399932861328,182.7899932861328,183.3699951171875,1736300.0,162.5032196044922
2017-02-22,186.1199951171875,183.0800018310547,183.39999389648438,186.0399932861328,2850900.0,164.869384765625
2017-02-23,187.4600067138672,185.7100067138672,185.91000366210938,187.19000244140625,2401600.0,165.88851928710938
2017-02-24,188.41000366210938,186.3000030517578,186.82000732421875,187.41000366210938,2126300.0,166.08348083496094
2017-02-27,187.5500030517578,186.3800048828125,187.5,186.91000366210938,1393800.0,165.64039611816406
2017-02-28,187.5,186.30999755859375,186.72999572753906,186.35000610351562,1932100.0,165.14413452148438
2017-03-01,190.5399932861328,188.00999450683594,188.0800018310547,189.86000061035156,2226200.0,168.25469970703125
2017-03-02,190.10000610351562,189.02999877929688,189.4600067138672,189.88999938964844,1764000.0,168.28128051757812
2017-03-03,190.24000549316406,188.5399932861328,189.88999938964844,189.30999755859375,1627400.0,167.76730346679688
2017-03-06,189.24000549316406,188.27000427246094,188.92999267578125,188.89999389648438,1668700.0,167.4039764404297
2017-03-07,189.25999450683594,188.25,188.2899932861328,189.08999633789062,1662300.0,167.57232666015625
2017-03-08,190.2100067138672,188.97000122070312,189.72000122070312,189.50999450683594,1563700.0,167.9445343017578
2017-03-09,190.38999938964844,189.1699981689453,189.25,189.89999389648438,1556700.0,168.29014587402344
2017-03-10,191.24000549316406,190.02999877929688,190.63999938964844,191.2100067138672,2515000.0,169.4510955810547
2017-03-13,191.9600067138672,190.4600067138672,191.77000427246094,191.52000427246094,1972700.0,169.72581481933594
2017-03-14,191.44000244140625,189.11000061035156,190.92999267578125,190.3300018310547,1893600.0,168.67120361328125
2017-03-15,191.86000061035156,189.72000122070312,190.17999267578125,191.1999969482422,2047000.0,169.44223022460938
2017-03-16,191.63999938964844,189.63999938964844,191.05999755859375,190.30999755859375,1937100.0,168.65350341796875
2017-03-17,192.36000061035156,190.35000610351562,190.82000732421875,192.36000061035156,4228100.0,170.47023010253906
2017-03-20,193.5,192.27999877929688,192.52000427246094,193.00999450683594,2085600.0,171.04624938964844
2017-03-21,193.49000549316406,191.50999450683594,193.49000549316406,192.1300048828125,1895100.0,170.26638793945312
2017-03-22,192.8800048828125,190.4600067138672,192.3000030517578,192.22000122070312,1627300.0,170.34613037109375
2017-03-23,192.97000122070312,191.22999572753906,192.1199951171875,192.13999938964844,1482000.0,170.2752685546875
2017-03-24,192.6199951171875,190.89999389648438,192.1199951171875,191.50999450683594,1435400.0,169.7168731689453
2017-03-27,191.0,189.16000366210938,190.6999969482422,190.42999267578125,1984600.0,168.7598419189453
2017-03-28,191.49000549316406,189.60000610351562,189.94000244140625,190.99000549316406,2330200.0,169.256103515625
2017-03-29,191.27999877929688,190.25999450683594,190.58999633789062,190.67999267578125,1692200.0,168.9813690185547
2017-03-30,191.49000549316406,190.10000610351562,190.74000549316406,191.27999877929688,1835400.0,169.51312255859375
2017-03-31,192.39999389648438,190.99000549316406,191.3000030517578,191.3300018310547,1730000.0,169.5574188232422
2017-04-03,192.1699981689453,189.9499969482422,191.8699951171875,190.72000122070312,1546700.0,169.016845703125
2017-04-04,190.97999572753906,189.77999877929688,190.57000732421875,190.19000244140625,1349900.0,168.5471649169922
2017-04-05,192.4199981689453,190.0399932861328,190.6999969482422,190.24000549316406,1448700.0,168.5914306640625
2017-04-06,191.02000427246094,189.5,190.41000366210938,189.88999938964844,1627400.0,168.28128051757812
2017-04-07,190.55999755859375,189.52000427246094,190.02999877929688,189.99000549316406,1025200.0,168.3699188232422
2017-04-10,190.52000427246094,189.30999755859375,190.16000366210938,189.7100067138672,1682700.0,168.1217803955078
2017-04-11,190.08999633789062,188.99000549316406,189.1300048828125,190.07000732421875,1459600.0,168.4407958984375
2017-04-12,190.49000549316406,189.39999389648438,190.30999755859375,189.6999969482422,1416100.0,168.11289978027344
2017-04-13,189.86000061035156,188.6199951171875,189.25,188.64999389648438,1274400.0,167.18240356445312
2017-04-17,190.36000061035156,189.2899932861328,189.30999755859375,190.36000061035156,1543600.0,168.6977996826172
2017-04-18,190.83999633789062,189.50999450683594,189.75999450683594,190.22000122070312,1176900.0,168.57373046875
2017-04-19,191.1300048828125,189.52000427246094,190.8000030517578,189.8300018310547,1340400.0,168.2280731201172
2017-04-20,192.11000061035156,189.89999389648438,190.02000427246094,191.16000366210938,1748200.0,169.4067840576172
2017-04-21,191.6199951171875,190.58999633789062,191.14999389648438,191.5,2584200.0,169.70806884765625
2017-04-24,194.4499969482422,192.92999267578125,193.0,194.22999572753906,2709600.0,172.12742614746094
2017-04-25,195.61000061035156,192.36000061035156,193.99000549316406,195.1300048828125,4182200.0,172.92501831054688
2017-04-26,196.89999389648438,194.99000549316406,195.6999969482422,195.0,2641200.0,172.8097686767578
2017-04-27,196.5399932861328,195.11000061035156,195.42999267578125,196.11000061035156,1770200.0,173.79347229003906
2017-04-28,197.1199951171875,195.5399932861328,196.14999389648438,195.8300018310547,2467100.0,173.5453338623047
2017-05-01,195.72999572753906,194.47000122070312,195.5,194.80999755859375,1498500.0,172.6414031982422
2017-05-02,196.52999877929688,194.5800018310547,195.16000366210938,196.52999877929688,2467200.0,174.16567993164062
2017-05-03,197.8699951171875,195.7100067138672,196.60000610351562,197.6300048828125,2339500.0,175.14048767089844
2017-05-04,199.5399932861328,197.75999450683594,198.3000030517578,199.50999450683594,2320800.0,176.80657958984375
2017-05-05,199.89999389648438,198.97999572753906,199.6699981689453,199.39999389648438,1688600.0,176.7091064453125
2017-05-08,199.14999389648438,198.3000030517578,198.83999633789062,198.64999389648438,1575900.0,176.04441833496094
2017-05-09,199.36000061035156,197.52999877929688,199.36000061035156,197.9600067138672,1747800.0,175.43295288085938
2017-05-10,197.58999633789062,196.52999877929688,197.3699951171875,196.63999938964844,2247700.0,174.2631378173828
2017-05-11,196.94000244140625,195.25999450683594,196.0399932861328,196.75,1705000.0,174.3606719970703
2017-05-12,197.1199951171875,195.86000061035156,195.89999389648438,196.57000732421875,1323100.0,174.20114135742188
2017-05-15,197.74000549316406,196.22999572753906,196.6699981689453,197.6300048828125,1474500.0,175.14048767089844
2017-05-16,197.94000244140625,196.86000061035156,197.47999572753906,197.91000366210938,1183600.0,175.38864135742188
2017-05-17,196.74000549316406,194.72000122070312,196.74000549316406,194.83999633789062,1881800.0,173.69924926757812
2017-05-18,195.82000732421875,193.5399932861328,194.5,195.24000549316406,1929000.0,174.05587768554688
2017-05-19,196.3000030517578,194.4499969482422,196.3000030517578,195.8000030517578,1894700.0,174.55506896972656
2017-05-22,198.6699981689453,196.35000610351562,196.35000610351562,198.50999450683594,1835900.0,176.9710693359375
2017-05-23,198.97000122070312,197.52000427246094,198.72999572753906,197.72999572753906,1514200.0,176.2756805419922
2017-05-24,198.52999877929688,197.27999877929688,198.49000549316406,197.49000549316406,1206400.0,176.0617218017578
2017-05-25,199.61000061035156,197.75,198.41000366210938,199.5399932861328,1508000.0,177.88929748535156
2017-05-26,200.69000244140625,198.97000122070312,199.13999938964844,200.6699981689453,1410600.0,178.8966827392578
2017-05-30,203.02999877929688,199.9600067138672,200.30999755859375,202.44000244140625,2171100.0,180.47463989257812
2017-05-31,204.47000122070312,202.27000427246094,202.72999572753906,204.47000122070312,3096800.0,182.2843475341797
2017-06-01,204.89999389648438,203.67999267578125,204.25,204.35000610351562,2352700.0,182.1774139404297
2017-06-02,207.38999938964844,204.7899932861328,205.05999755859375,206.6999969482422,1831900.0,184.27239990234375
2017-06-05,207.3300018310547,206.22000122070312,206.77000427246094,206.22000122070312,1253100.0,183.8445281982422
2017-06-06,206.66000366210938,205.41000366210938,206.00999450683594,205.41000366210938,1458800.0,183.1223907470703
2017-06-07,205.8699951171875,204.10000610351562,205.72999572753906,205.00999450683594,1885600.0,182.76577758789062
2017-06-08,206.02999877929688,204.08999633789062,205.00999450683594,205.94000244140625,2451300.0,183.59486389160156
2017-06-09,206.97000122070312,205.63999938964844,206.0,206.92999267578125,1893100.0,184.47744750976562
2017-06-12,208.4199981689453,205.5,206.92999267578125,207.38999938964844,2388200.0,184.88755798339844
2017-06-13,209.6699981689453,207.55999755859375,207.5800018310547,209.11000061035156,1688800.0,186.42091369628906
2017-06-14,210.7899932861328,209.52999877929688,209.77999877929688,210.00999450683594,1585300.0,187.22325134277344
2017-06-15,211.32000732421875,209.44000244140625,209.5,211.2899932861328,1594100.0,188.3643798828125
2017-06-16,213.4600067138672,211.44000244140625,211.72999572753906,213.24000549316406,3420600.0,190.10279846191406
2017-06-19,214.0,212.6999969482422,214.0,213.36000061035156,1667600.0,190.20974731445312
2017-06-20,214.57000732421875,213.0500030517578,213.4499969482422,213.36000061035156,1531200.0,190.20974731445312
2017-06-21,214.02000427246094,212.08999633789062,214.02000427246094,212.86000061035156,1812900.0,189.7639923095703
2017-06-22,213.1199951171875,212.08999633789062,212.72999572753906,212.22000122070312,1400400.0,189.1934814453125
2017-06-23,213.1699981689453,211.7100067138672,212.0,212.89999389648438,1584900.0,189.79971313476562
2017-06-26,213.47000122070312,212.30999755859375,212.7899932861328,212.61000061035156,1352100.0,189.54116821289062
2017-06-27,212.5,209.3800048828125,212.0,209.77999877929688,2240200.0,187.0182342529297
2017-06-28,211.17999267578125,210.08999633789062,210.77999877929688,210.6199951171875,1542900.0,187.76705932617188
2017-06-29,211.0500030517578,207.0800018310547,211.0500030517578,207.85000610351562,1809900.0,185.29763793945312
2017-06-30,209.91000366210938,207.85000610351562,209.91000366210938,208.19000244140625,1770000.0,185.6007537841797
2017-07-03,210.33999633789062,208.75,209.13999938964844,209.8300018310547,1040200.0,187.0627899169922
2017-07-05,210.24000549316406,209.41000366210938,210.0,209.75999450683594,1065300.0,187.00038146972656
2017-07-06,209.72000122070312,207.88999938964844,209.0500030517578,208.02000427246094,1189900.0,185.44915771484375
2017-07-07,210.14999389648438,208.0500030517578,208.5,209.58999633789062,1531000.0,186.8488311767578
2017-07-10,211.74000549316406,208.99000549316406,209.60000610351562,210.49000549316406,1308400.0,187.6511993408203
2017-07-11,211.1999969482422,208.0,210.41000366210938,209.66000366210938,1268100.0,186.91127014160156
2017-07-12,212.77999877929688,210.27000427246094,210.91000366210938,211.3000030517578,1447900.0,188.37330627441406
2017-07-13,212.0,210.17999267578125,211.1999969482422,211.08999633789062,1138800.0,188.1860809326172
2017-07-14,212.24000549316406,210.6300048828125,211.52000427246094,211.77000427246094,1062000.0,188.79232788085938
2017-07-17,212.1999969482422,210.58999633789062,212.1999969482422,211.67999267578125,1311300.0,188.71205139160156
2017-07-18,211.52000427246094,210.3000030517578,210.67999267578125,211.30999755859375,1562600.0,188.38223266601562
2017-07-19,212.11000061035156,211.1699981689453,211.50999450683594,212.10000610351562,825300.0,189.0865020751953
2017-07-20,213.41000366210938,212.05999755859375,212.2100067138672,212.4499969482422,1347400.0,189.39852905273438
2017-07-21,211.83999633789062,209.47999572753906,211.64999389648438,211.16000366210938,2246200.0,188.24847412109375
2017-07-24,211.66000366210938,210.0,211.1999969482422,210.0,2165200.0,187.21435546875
2017-07-25,204.5,197.1699981689453,202.64999389648438,199.38999938964844,6593000.0,177.7555694580078
2017-07-26,201.14999389648438,198.5500030517578,200.4499969482422,199.02999877929688,2922100.0,177.4346466064453
2017-07-27,200.55999755859375,197.6699981689453,199.13999938964844,200.0500030517578,2174500.0,178.34397888183594
2017-07-28,201.0399932861328,198.69000244140625,200.7899932861328,199.72000122070312,1488000.0,178.04977416992188
2017-07-31,201.66000366210938,199.80999755859375,200.0,201.1699981689453,1833600.0,179.34242248535156
2017-08-01,203.30999755859375,201.75999450683594,202.2899932861328,203.17999267578125,2015100.0,181.13430786132812
2017-08-02,205.60000610351562,202.82000732421875,203.19000244140625,205.41000366210938,2029600.0,183.1223907470703
2017-08-03,207.63999938964844,205.1199951171875,205.91000366210938,207.6199951171875,2054200.0,185.0925750732422
2017-08-04,208.61000061035156,206.11000061035156,207.9499969482422,207.64999389648438,1522700.0,185.1193389892578
2017-08-07,208.39999389648438,206.67999267578125,207.89999389648438,207.44000244140625,1172600.0,184.93211364746094
2017-08-08,207.88999938964844,205.69000244140625,206.8300018310547,206.42999267578125,1856300.0,184.03170776367188
2017-08-09,207.91000366210938,205.58999633789062,206.69000244140625,206.47999572753906,1622200.0,184.07626342773438
2017-08-10,207.16000366210938,205.17999267578125,205.6199951171875,206.22999572753906,1571500.0,183.85340881347656
2017-08-11,206.85000610351562,205.6300048828125,206.85000610351562,205.97999572753906,1452800.0,183.63052368164062
2017-08-14,207.6300048828125,206.07000732421875,206.66000366210938,207.3699951171875,1264400.0,184.8697052001953
2017-08-15,207.83999633789062,206.50999450683594,207.0,207.17999267578125,1048500.0,184.70033264160156
2017-08-16,208.6300048828125,206.6199951171875,207.2100067138672,207.9199981689453,1704300.0,185.36004638671875
2017-08-17,208.1199951171875,205.27999877929688,207.7899932861328,205.35000610351562,1396500.0,183.06890869140625
2017-08-18,205.6300048828125,203.4499969482422,205.35000610351562,203.52999877929688,1838600.0,181.44635009765625
2017-08-21,204.89999389648438,203.00999450683594,203.8000030517578,204.5500030517578,1567600.0,182.35569763183594
2017-08-22,205.86000061035156,204.6300048828125,205.1999969482422,205.4600067138672,2091200.0,183.16696166992188
2017-08-23,204.10000610351562,202.32000732421875,204.0500030517578,202.6699981689453,1267300.0,181.71888732910156
2017-08-24,203.88999938964844,201.9600067138672,203.88999938964844,202.1199951171875,1230800.0,181.2257843017578
2017-08-25,203.4499969482422,202.0500030517578,203.44000244140625,202.1300048828125,1238100.0,181.23475646972656
2017-08-28,203.27000427246094,201.85000610351562,202.77999877929688,202.4600067138672,1174700.0,181.5306396484375
2017-08-29,203.0800018310547,201.3300018310547,202.1999969482422,202.9199981689453,991300.0,181.9430694580078
2017-08-30,203.69000244140625,202.0,202.9199981689453,203.69000244140625,1196200.0,182.63348388671875
2017-08-31,204.6199951171875,203.02000427246094,204.32000732421875,204.32000732421875,1567900.0,183.19833374023438
2017-09-01,204.91000366210938,203.22999572753906,204.61000061035156,203.55999755859375,1413000.0,182.51690673828125
2017-09-05,202.52999877929688,200.50999450683594,202.25,200.97999572753906,1934500.0,180.20361328125
2017-09-06,202.25,201.24000549316406,201.75,202.0500030517578,2236200.0,181.1630096435547
2017-09-07,204.7100067138672,201.47000122070312,201.47000122070312,204.4600067138672,1701500.0,183.32388305664062
2017-09-08,206.1199951171875,203.16000366210938,204.35000610351562,205.69000244140625,1474000.0,184.42669677734375
2017-09-11,209.77999877929688,206.08999633789062,206.4600067138672,209.55999755859375,1806700.0,187.8966522216797
2017-09-12,210.9600067138672,209.25999450683594,209.91000366210938,209.63999938964844,1441200.0,187.96836853027344
2017-09-13,210.2899932861328,208.57000732421875,209.1199951171875,209.49000549316406,1129600.0,187.8339080810547
2017-09-14,211.91000366210938,208.74000549316406,209.14999389648438,211.42999267578125,1984200.0,189.57333374023438
2017-09-15,214.1199951171875,210.66000366210938,212.58999633789062,213.35000610351562,3636400.0,191.29486083984375
2017-09-18,214.0399932861328,212.57000732421875,214.0,213.75999450683594,1272400.0,191.6624755859375
2017-09-19,214.64999389648438,212.85000610351562,214.22999572753906,213.55999755859375,1429700.0,191.483154296875
2017-09-20,212.60000610351562,208.30999755859375,211.77000427246094,210.50999450683594,2987200.0,188.74844360351562
2017-09-21,211.6199951171875,210.24000549316406,210.89999389648438,210.44000244140625,1382400.0,188.68568420410156
2017-09-22,211.3000030517578,209.27999877929688,209.63999938964844,210.75999450683594,1493300.0,188.97262573242188
2017-09-25,211.22000122070312,209.3699951171875,210.97999572753906,210.72999572753906,1609200.0,188.9457244873047
2017-09-26,212.8300018310547,210.92999267578125,211.25999450683594,211.02999877929688,1224600.0,189.21470642089844
2017-09-27,211.3800048828125,208.16000366210938,211.08999633789062,209.47999572753906,1865100.0,187.824951171875
2017-09-28,209.8800048828125,208.25,208.3000030517578,209.5500030517578,2092800.0,187.88768005371094
2017-09-29,209.89999389648438,208.72999572753906,209.05999755859375,209.89999389648438,1632200.0,188.20152282714844
2017-10-02,212.7899932861328,210.02999877929688,210.72999572753906,212.75999450683594,1292100.0,190.76585388183594
2017-10-03,214.60000610351562,211.3800048828125,212.6199951171875,214.57000732421875,1634900.0,192.3887176513672
2017-10-04,216.94000244140625,214.5,214.85000610351562,216.52000427246094,1636400.0,194.1371612548828
2017-10-05,217.61000061035156,215.89999389648438,216.49000549316406,216.3699951171875,1740500.0,194.002685546875
2017-10-06,216.5399932861328,215.27000427246094,216.0,216.52000427246094,1650800.0,194.1371612548828
2017-10-09,217.2100067138672,215.69000244140625,215.9600067138672,216.67999267578125,1054600.0,194.28060913085938
2017-10-10,217.60000610351562,216.5500030517578,217.3800048828125,216.75,1170900.0,194.3433837890625
2017-10-11,216.86000061035156,214.66000366210938,216.75,216.50999450683594,2052900.0,194.12818908691406
2017-10-12,217.63999938964844,216.2899932861328,216.60000610351562,217.58999633789062,1908000.0,195.09652709960938
2017-10-13,219.75999450683594,216.8000030517578,218.8300018310547,217.72000122070312,1461600.0,195.21311950683594
2017-10-16,218.72999572753906,217.1999969482422,217.6999969482422,218.72000122070312,1185200.0,196.1097412109375
2017-10-17,218.72000122070312,216.47000122070312,218.49000549316406,217.75,2150800.0,195.24002075195312
2017-10-18,218.63999938964844,217.3699951171875,217.52000427246094,218.27000427246094,1413600.0,195.7062530517578
2017-10-19,219.25,217.47000122070312,218.49000549316406,219.24000549316406,1369000.0,196.57595825195312
2017-10-20,221.32000732421875,219.19000244140625,219.9499969482422,221.32000732421875,1647800.0,198.44094848632812
2017-10-23,222.77999877929688,221.1999969482422,221.75999450683594,221.5500030517578,2161300.0,198.64718627929688
2017-10-24,238.89999389648438,228.99000549316406,229.0,234.64999389648438,6508400.0,210.39292907714844
2017-10-25,237.94000244140625,233.94000244140625,235.00999450683594,237.67999267578125,4114500.0,213.1097412109375
2017-10-26,238.8000030517578,232.30999755859375,238.25999450683594,232.94000244140625,3385000.0,208.8597412109375
2017-10-27,234.9499969482422,232.5500030517578,234.22999572753906,234.74000549316406,2000400.0,210.4736785888672
2017-10-30,233.66000366210938,230.63999938964844,233.66000366210938,231.02000427246094,2722600.0,207.13821411132812
2017-10-31,231.60000610351562,229.80999755859375,231.3800048828125,230.19000244140625,1908200.0,206.39402770996094
2017-11-01,231.75999450683594,229.11000061035156,231.0,230.17999267578125,1389900.0,206.38507080078125
2017-11-02,232.8000030517578,229.5500030517578,230.24000549316406,232.22999572753906,1609500.0,208.22315979003906
2017-11-03,232.5800018310547,230.9199981689453,231.55999755859375,232.22000122070312,1582700.0,208.2141876220703
2017-11-06,232.6300048828125,230.14999389648438,232.22000122070312,230.30999755859375,1334700.0,206.5016326904297
2017-11-07,230.77000427246094,229.13999938964844,230.3800048828125,230.0500030517578,1553600.0,206.26849365234375
2017-11-08,230.64999389648438,229.3800048828125,229.83999633789062,229.8300018310547,1510200.0,206.07125854492188
2017-11-09,229.39999389648438,227.0500030517578,228.5399932861328,228.38999938964844,1575800.0,204.78012084960938
2017-11-10,228.44000244140625,226.16000366210938,227.47000122070312,227.4499969482422,1295800.0,203.9373016357422
2017-11-13,228.42999267578125,226.25999450683594,226.72999572753906,228.22000122070312,1765300.0,204.62767028808594
2017-11-14,229.9600067138672,226.75,228.13999938964844,229.3300018310547,1393200.0,205.6229248046875
2017-11-15,228.50999450683594,226.0399932861328,228.07000732421875,227.39999389648438,1512100.0,203.8924102783203
2017-11-16,229.99000549316406,227.7899932861328,227.7899932861328,229.4199981689453,1224800.0,205.70362854003906
2017-11-17,229.9199981689453,227.74000549316406,228.42999267578125,229.36000061035156,1741800.0,205.6498260498047
2017-11-20,233.58999633789062,229.5500030517578,229.89999389648438,231.49000549316406,1700000.0,207.5596466064453
2017-11-21,235.7100067138672,232.2100067138672,232.2100067138672,234.08999633789062,2122600.0,209.89083862304688
2017-11-22,233.86000061035156,231.39999389648438,233.05999755859375,231.5800018310547,1371800.0,208.68785095214844
2017-11-24,232.0399932861328,230.80999755859375,232.02999877929688,231.3800048828125,659100.0,208.50758361816406
2017-11-27,234.52999877929688,231.1300048828125,231.75,234.0,1780800.0,210.86859130859375
2017-11-28,235.94000244140625,233.3800048828125,234.1199951171875,235.6300048828125,1871700.0,212.33746337890625
2017-11-29,238.19000244140625,235.63999938964844,236.0500030517578,238.00999450683594,1754600.0,214.48219299316406
2017-11-30,243.4499969482422,237.69000244140625,238.86000061035156,243.13999938964844,4003400.0,219.10507202148438
2017-12-01,243.6300048828125,239.14999389648438,243.19000244140625,241.14999389648438,2232300.0,217.3118133544922
2017-12-04,244.22999572753906,238.50999450683594,243.0500030517578,239.25999450683594,2468700.0,215.60862731933594
2017-12-05,240.25999450683594,237.86000061035156,240.22000122070312,238.25999450683594,1543100.0,214.7074737548828
2017-12-06,241.0800018310547,236.97000122070312,240.3300018310547,238.6699981689453,1924100.0,215.0769805908203
2017-12-07,241.2899932861328,237.92999267578125,238.4499969482422,240.3000030517578,1367100.0,216.54583740234375
2017-12-08,241.00999450683594,237.49000549316406,240.0,238.1300048828125,1999800.0,214.59033203125
2017-12-11,240.2100067138672,237.86000061035156,239.19000244140625,239.3000030517578,1742900.0,215.64468383789062
2017-12-12,241.67999267578125,236.1199951171875,236.5800018310547,236.5800018310547,2766300.0,213.19354248046875
2017-12-13,239.58999633789062,236.6300048828125,236.91000366210938,239.11000061035156,2707900.0,215.47344970703125
2017-12-14,240.8000030517578,237.80999755859375,240.32000732421875,238.0800018310547,1984700.0,214.54525756835938
2017-12-15,239.67999267578125,237.64999389648438,239.19000244140625,238.0,4518700.0,214.4731903076172
2017-12-18,240.00999450683594,237.14999389648438,238.5800018310547,238.4199981689453,2237300.0,214.8516845703125
2017-12-19,239.74000549316406,236.89999389648438,239.47000122070312,238.38999938964844,1868900.0,214.8246307373047
2017-12-20,238.47000122070312,236.49000549316406,238.1999969482422,236.9199981689453,1621600.0,213.49996948242188
2017-12-21,237.25,234.41000366210938,236.0,234.77999877929688,2241600.0,211.5714874267578
2017-12-22,236.0800018310547,234.27999877929688,235.36000061035156,234.72999572753906,1280600.0,211.52642822265625
2017-12-26,236.27999877929688,235.02999877929688,235.0800018310547,235.4499969482422,789100.0,212.1752471923828
2017-12-27,236.5399932861328,234.83999633789062,235.52000427246094,236.1999969482422,970500.0,212.8511199951172
2017-12-28,237.0800018310547,235.27999877929688,236.94000244140625,235.72000122070312,1189700.0,212.41856384277344
2017-12-29,237.30999755859375,235.3699951171875,236.47999572753906,235.3699951171875,1343900.0,212.1031494140625
2018-01-02,237.07000732421875,232.80999755859375,235.77999877929688,235.63999938964844,2931000.0,212.3464813232422
2018-01-03,235.72999572753906,233.2899932861328,235.07000732421875,235.6300048828125,2193700.0,212.33746337890625
2018-01-04,239.44000244140625,236.47000122070312,237.0,238.7100067138672,2243100.0,215.11302185058594
2018-01-05,240.89999389648438,237.74000549316406,238.64999389648438,240.57000732421875,1835900.0,216.78915405273438
2018-01-08,240.94000244140625,239.17999267578125,239.3800048828125,239.7899932861328,1869000.0,216.08621215820312
2018-01-09,241.77999877929688,239.33999633789062,239.60000610351562,241.27999877929688,1695100.0,217.428955078125
2018-01-10,242.57000732421875,240.02999877929688,241.0,241.13999938964844,1640900.0,217.3028106689453
2018-01-11,242.33999633789062,239.75,240.74000549316406,242.30999755859375,1487700.0,218.35714721679688
2018-01-12,246.0,242.5,243.07000732421875,244.47000122070312,1974300.0,220.30361938476562
2018-01-16,247.19000244140625,243.8300018310547,245.3000030517578,244.74000549316406,2411100.0,220.5469512939453
2018-01-17,248.52999877929688,245.8000030517578,246.85000610351562,248.11000061035156,2519000.0,223.58383178710938
2018-01-18,249.0,244.9199981689453,248.1300048828125,245.91000366210938,2233500.0,221.60128784179688
2018-01-19,248.5,245.60000610351562,246.6300048828125,248.17999267578125,2013500.0,223.64686584472656
2018-01-22,247.88999938964844,245.0800018310547,247.1300048828125,247.3000030517578,1660500.0,222.8538818359375
2018-01-23,247.25999450683594,245.1199951171875,246.91000366210938,246.30999755859375,1822700.0,221.9617156982422
2018-01-24,248.5399932861328,246.25,247.99000549316406,247.69000244140625,3471000.0,223.20530700683594
2018-01-25,254.8000030517578,247.10000610351562,250.0,252.36000061035156,3507900.0,227.41366577148438
2018-01-26,259.7699890136719,253.38999938964844,253.42999267578125,258.6300048828125,3730600.0,233.0638885498047
2018-01-29,259.3399963378906,255.97000122070312,258.510009765625,256.010009765625,2306300.0,230.70285034179688
2018-01-30,255.69000244140625,251.41000366210938,255.60000610351562,251.5399932861328,2412600.0,226.6747283935547
2018-01-31,253.1300048828125,249.60000610351562,251.49000549316406,250.5,3136400.0,225.73756408691406
2018-02-01,250.08999633789062,246.17999267578125,247.44000244140625,247.94000244140625,2665500.0,223.4305877685547
2018-02-02,248.75,244.8800048828125,246.42999267578125,245.1699981689453,3925700.0,220.93443298339844
2018-02-05,244.39999389648438,226.00999450683594,243.5,231.44000244140625,6590500.0,208.56166076660156
2018-02-06,234.57000732421875,226.80999755859375,227.50999450683594,233.6300048828125,5108100.0,210.53517150878906
2018-02-07,237.52000427246094,232.82000732421875,233.19000244140625,233.19000244140625,2885600.0,210.13865661621094
2018-02-08,233.30999755859375,222.64999389648438,233.16000366210938,222.88999938964844,3751300.0,200.85682678222656
2018-02-09,226.9600067138672,218.17999267578125,224.61000061035156,225.2100067138672,4518600.0,202.947509765625
2018-02-12,230.3800048828125,226.10000610351562,227.49000549316406,229.19000244140625,3290400.0,206.53407287597656
2018-02-13,231.97000122070312,228.92999267578125,229.7100067138672,231.36000061035156,2523600.0,208.48956298828125
2018-02-14,232.8699951171875,228.47000122070312,229.4499969482422,232.0,2337800.0,209.0662841796875
2018-02-15,234.89999389648438,230.8800048828125,233.30999755859375,234.8699951171875,2127500.0,212.90061950683594
2018-02-16,238.44000244140625,233.38999938964844,234.97000122070312,236.6699981689453,2221800.0,214.5322723388672
2018-02-20,236.6699981689453,233.91000366210938,234.5399932861328,235.07000732421875,2675900.0,213.08193969726562
2018-02-21,237.86000061035156,232.10000610351562,234.7100067138672,232.17999267578125,2561400.0,210.4622344970703
2018-02-22,237.3699951171875,232.25999450683594,232.42999267578125,236.0,2284500.0,213.92495727539062
2018-02-23,237.88999938964844,234.38999938964844,236.85000610351562,237.02000427246094,1616700.0,214.84951782226562
2018-02-26,244.86000061035156,238.50999450683594,239.00999450683594,244.13999938964844,3086800.0,221.30352783203125
2018-02-27,244.6699981689453,240.72000122070312,244.61000061035156,240.77999877929688,1778300.0,218.2578125
2018-02-28,242.27999877929688,235.39999389648438,241.63999938964844,235.50999450683594,2461400.0,213.48074340820312
2018-03-01,236.8300018310547,229.52999877929688,236.14999389648438,231.33999633789062,3487100.0,209.70079040527344
2018-03-02,231.27000427246094,226.3300018310547,229.75,230.3699951171875,2912800.0,208.82156372070312
2018-03-05,233.7100067138672,228.52999877929688,230.0,232.80999755859375,2235300.0,211.03330993652344
2018-03-06,235.9199981689453,230.8000030517578,234.0500030517578,233.66000366210938,2091100.0,211.80380249023438
2018-03-07,236.22000122070312,230.58999633789062,231.22000122070312,235.57000732421875,2213800.0,213.53515625
2018-03-08,237.69000244140625,234.1199951171875,236.35000610351562,236.33999633789062,1955200.0,214.23313903808594
2018-03-09,241.3699951171875,236.1699981689453,238.0,241.35000610351562,1840900.0,218.77452087402344
2018-03-12,243.10000610351562,239.3000030517578,242.10000610351562,239.8000030517578,2151300.0,217.36949157714844
2018-03-13,242.97000122070312,236.88999938964844,240.89999389648438,237.57000732421875,2009900.0,215.34808349609375
2018-03-14,239.32000732421875,233.85000610351562,238.8000030517578,234.2899932861328,2239700.0,212.37486267089844
2018-03-15,238.0800018310547,234.1999969482422,235.22000122070312,235.8699951171875,1770500.0,213.8070831298828
2018-03-16,238.1699981689453,235.6699981689453,235.6699981689453,237.22000122070312,4858000.0,215.03082275390625
2018-03-19,236.3300018310547,230.25999450683594,236.00999450683594,231.55999755859375,2621700.0,209.9002227783203
2018-03-20,234.38999938964844,231.5800018310547,232.1199951171875,232.4499969482422,1728000.0,210.70701599121094
2018-03-21,237.22000122070312,232.30999755859375,233.0,234.13999938964844,1588300.0,212.23892211914062
2018-03-22,232.1199951171875,222.8000030517578,232.0399932861328,223.1699981689453,4295500.0,202.29502868652344
2018-03-23,224.27000427246094,215.27000427246094,223.5,215.36000061035156,4221200.0,195.21559143066406
2018-03-26,220.8000030517578,215.17999267578125,217.86000061035156,220.24000549316406,3574000.0,199.63909912109375
2018-03-27,221.86000061035156,214.72999572753906,221.02000427246094,215.8699951171875,2696700.0,195.67787170410156
2018-03-28,219.66000366210938,214.91000366210938,217.22999572753906,216.5399932861328,2522900.0,196.28518676757812
2018-03-29,221.3800048828125,217.4600067138672,217.7899932861328,219.52000427246094,2643000.0,198.98648071289062
2018-04-02,218.72000122070312,209.47000122070312,218.0500030517578,212.6199951171875,3840800.0,192.73182678222656
2018-04-03,216.4600067138672,210.92999267578125,213.0,216.3300018310547,3006800.0,196.09481811523438
2018-04-04,217.9199981689453,211.1199951171875,212.38999938964844,217.55999755859375,2488800.0,197.20977783203125
2018-04-05,220.30999755859375,216.55999755859375,218.63999938964844,218.6699981689453,2879900.0,198.21597290039062
2018-04-06,218.85000610351562,211.0,217.39999389648438,212.25,2503900.0,192.396484375
2018-04-09,216.86000061035156,212.39999389648438,213.75,212.80999755859375,2186100.0,192.9040985107422
2018-04-10,218.7100067138672,215.22999572753906,215.32000732421875,216.97999572753906,2857400.0,196.6840362548828
2018-04-11,215.88999938964844,213.5,214.1999969482422,214.3300018310547,1819800.0,194.2819061279297
2018-04-12,217.67999267578125,215.00999450683594,215.72000122070312,216.4199981689453,2292900.0,196.1764373779297
2018-04-13,218.67999267578125,214.4600067138672,218.08999633789062,215.52000427246094,2034500.0,195.36062622070312
2018-04-16,219.27000427246094,216.58999633789062,217.1999969482422,217.6999969482422,2060500.0,197.336669921875
2018-04-17,221.69000244140625,218.74000549316406,219.14999389648438,220.08999633789062,1853500.0,199.5031280517578
2018-04-18,221.00999450683594,219.16000366210938,220.38999938964844,219.52000427246094,1599300.0,198.98648071289062
2018-04-19,219.3000030517578,217.02999877929688,218.0399932861328,218.85000610351562,1453100.0,198.37911987304688
2018-04-20,220.27999877929688,216.74000549316406,218.41000366210938,217.75,2634300.0,197.3820037841797
2018-04-23,218.72999572753906,214.75,218.02000427246094,215.8800048828125,2520700.0,195.68692016601562
2018-04-24,206.5,196.88999938964844,206.5,201.1300048828125,11671400.0,182.31663513183594
2018-04-25,201.75,197.00999450683594,201.10000610351562,198.83999633789062,6205400.0,180.24082946777344
2018-04-26,199.6300048828125,196.1699981689453,198.67999267578125,197.08999633789062,4124300.0,178.65447998046875
2018-04-27,197.11000061035156,194.39999389648438,196.77000427246094,196.1199951171875,3354800.0,177.77523803710938
2018-04-30,198.33999633789062,194.17999267578125,196.9600067138672,194.38999938964844,4008700.0,176.20709228515625
2018-05-01,195.5399932861328,191.44000244140625,194.02999877929688,195.02000427246094,4710500.0,176.7781524658203
2018-05-02,196.41000366210938,194.02000427246094,195.14999389648438,194.5,4017600.0,176.3068084716797
2018-05-03,196.6999969482422,192.35000610351562,194.52000427246094,195.67999267578125,3425900.0,177.3763885498047
2018-05-04,199.92999267578125,194.05999755859375,195.07000732421875,199.36000061035156,3071700.0,180.71217346191406
2018-05-07,201.0,199.5800018310547,200.05999755859375,200.25999450683594,2863400.0,181.52798461914062
2018-05-08,202.11000061035156,199.55999755859375,200.0,201.74000549316406,3273500.0,182.8695831298828
2018-05-09,204.72999572753906,201.3699951171875,202.02999877929688,203.4199981689453,3361300.0,184.3924102783203
2018-05-10,205.67999267578125,202.38999938964844,202.61000061035156,205.02999877929688,2700800.0,185.851806640625
2018-05-11,205.3699951171875,203.66000366210938,204.74000549316406,205.16000366210938,3155700.0,185.96966552734375
2018-05-14,206.0399932861328,204.6699981689453,205.6699981689453,205.75999450683594,3385900.0,186.51351928710938
2018-05-15,205.57000732421875,201.63999938964844,204.9600067138672,202.41000366210938,2259200.0,183.4768829345703
2018-05-16,201.0399932861328,199.0500030517578,200.52000427246094,200.2100067138672,2913500.0,181.48269653320312
2018-05-17,201.39999389648438,198.69000244140625,199.27000427246094,200.36000061035156,2265800.0,182.86080932617188
2018-05-18,200.75999450683594,198.4499969482422,200.27999877929688,198.9600067138672,2925700.0,181.5830841064453
2018-05-21,202.92999267578125,200.0,200.5,201.75999450683594,2126500.0,184.13851928710938
2018-05-22,202.11000061035156,198.72999572753906,201.9600067138672,198.97000122070312,2313900.0,181.59217834472656
2018-05-23,198.8000030517578,196.55999755859375,197.74000549316406,198.6699981689453,2737700.0,181.3184051513672
2018-05-24,200.17999267578125,196.92999267578125,198.8300018310547,199.41000366210938,2055000.0,181.99378967285156
2018-05-25,199.41000366210938,197.92999267578125,198.3300018310547,199.02999877929688,1686500.0,181.64697265625
2018-05-29,198.50999450683594,195.10000610351562,198.0,195.74000549316406,2346800.0,178.64431762695312
2018-05-30,199.3800048828125,196.6999969482422,197.08999633789062,198.67999267578125,2143100.0,181.3275146484375
2018-05-31,198.4499969482422,196.25999450683594,198.11000061035156,197.22999572753906,5253100.0,180.00416564941406
2018-06-01,200.4199981689453,198.27999877929688,198.75,199.58999633789062,1827000.0,182.15805053710938
2018-06-04,201.69000244140625,200.07000732421875,200.72999572753906,201.05999755859375,2408400.0,183.4996337890625
2018-06-05,202.10000610351562,200.88999938964844,201.0800018310547,201.1999969482422,2246100.0,183.62742614746094
2018-06-06,204.0500030517578,201.5500030517578,201.83999633789062,203.86000061035156,2297300.0,186.0550994873047
2018-06-07,205.88999938964844,203.75999450683594,204.17999267578125,205.07000732421875,2279200.0,187.15940856933594
2018-06-08,206.75,204.41000366210938,204.97999572753906,206.58999633789062,2170200.0,188.5466766357422
2018-06-11,206.7899932861328,205.0,206.58999633789062,205.1199951171875,2302900.0,187.20504760742188
2018-06-12,205.9499969482422,203.9499969482422,205.6699981689453,204.9199981689453,1806100.0,187.02252197265625
2018-06-13,205.66000366210938,203.72999572753906,205.13999938964844,204.88999938964844,2097900.0,186.9951171875
2018-06-14,206.27000427246094,203.5,205.75999450683594,203.6300048828125,2221500.0,185.84518432617188
2018-06-15,205.05999755859375,200.11000061035156,202.5500030517578,204.97000122070312,5449500.0,187.06814575195312
2018-06-18,204.57000732421875,200.25,202.52999877929688,204.1699981689453,2842800.0,186.33802795410156
2018-06-19,201.8300018310547,198.3300018310547,201.25999450683594,199.38999938964844,3206800.0,181.9755096435547
2018-06-20,200.0,197.25999450683594,199.33999633789062,198.0800018310547,2348300.0,180.77992248535156
2018-06-21,197.83999633789062,194.58999633789062,197.83999633789062,195.52000427246094,2420400.0,178.44351196289062
2018-06-22,197.44000244140625,195.17999267578125,197.38999938964844,196.5,2290100.0,179.3379364013672
2018-06-25,196.3300018310547,193.63999938964844,195.97999572753906,195.8000030517578,2922500.0,178.69903564453125
2018-06-26,197.9499969482422,195.97999572753906,196.83999633789062,196.5800018310547,2140200.0,179.4109344482422
2018-06-27,199.89999389648438,194.75999450683594,196.57000732421875,194.9199981689453,2889700.0,177.89588928222656
2018-06-28,196.85000610351562,194.2100067138672,195.5,195.97000122070312,1978700.0,178.85418701171875
2018-06-29,199.4199981689453,196.4600067138672,196.47000122070312,196.72000122070312,2671600.0,179.5386962890625
2018-07-02,195.88999938964844,193.50999450683594,195.4600067138672,195.52000427246094,1815500.0,178.44351196289062
2018-07-03,198.9499969482422,195.5,196.49000549316406,195.8300018310547,1228900.0,178.72642517089844
2018-07-05,197.47999572753906,195.02999877929688,197.07000732421875,197.33999633789062,2019300.0,180.1045379638672
2018-07-06,198.05999755859375,196.38999938964844,197.08999633789062,197.4600067138672,1624500.0,180.21409606933594
2018-07-09,200.83999633789062,198.07000732421875,198.13999938964844,200.52999877929688,1967100.0,183.0159454345703
2018-07-10,202.5800018310547,200.38999938964844,201.0,201.47999572753906,1688700.0,183.88294982910156
2018-07-11,199.82000732421875,197.49000549316406,199.82000732421875,197.67999267578125,1853100.0,180.4148406982422
2018-07-12,200.0,197.39999389648438,199.1699981689453,199.32000732421875,1733500.0,181.91162109375
2018-07-13,201.7899932861328,200.0,200.27000427246094,201.17999267578125,1625400.0,183.60916137695312
2018-07-16,201.5800018310547,200.0800018310547,201.5500030517578,201.11000061035156,1468000.0,183.54527282714844
2018-07-17,203.07000732421875,200.1300048828125,200.99000549316406,202.07000732421875,1920600.0,184.4214324951172
2018-07-18,203.1699981689453,201.35000610351562,202.22000122070312,202.1999969482422,1945000.0,184.5400848388672
2018-07-19,202.2899932861328,199.50999450683594,201.75999450683594,201.60000610351562,2616400.0,183.99252319335938
2018-07-20,202.9499969482422,198.25,199.3300018310547,201.9499969482422,2325400.0,184.3119354248047
2018-07-23,201.5399932861328,197.67999267578125,201.5399932861328,198.83999633789062,3269100.0,181.4735565185547
2018-07-24,202.19000244140625,190.57000732421875,192.94000244140625,200.67999267578125,8186500.0,183.15281677246094
2018-07-25,204.49000549316406,200.52000427246094,200.6300048828125,204.3800048828125,3345200.0,186.5296630859375
2018-07-26,208.44000244140625,204.64999389648438,204.88999938964844,207.9600067138672,2848300.0,189.79698181152344
2018-07-27,210.60000610351562,206.85000610351562,208.67999267578125,207.4199981689453,2248000.0,189.30418395996094
2018-07-30,209.25,204.75999450683594,208.25,205.1199951171875,2040500.0,187.20504760742188
2018-07-31,212.77999877929688,206.5,207.22999572753906,212.32000732421875,3573100.0,193.7762451171875
2018-08-01,211.05999755859375,206.8699951171875,210.97999572753906,207.0500030517578,2066600.0,188.96649169921875
2018-08-02,205.99000549316406,203.85000610351562,205.9499969482422,205.52999877929688,1699700.0,187.57925415039062
2018-08-03,207.5800018310547,205.1999969482422,205.9199981689453,207.2899932861328,1299900.0,189.18553161621094
2018-08-06,207.4600067138672,205.24000549316406,207.4499969482422,206.6999969482422,1063800.0,188.64707946777344
2018-08-07,209.61000061035156,207.3699951171875,208.00999450683594,208.57000732421875,1314600.0,190.35372924804688
2018-08-08,209.0399932861328,206.77000427246094,208.49000549316406,207.13999938964844,1052100.0,189.0486297607422
2018-08-09,207.97000122070312,204.49000549316406,207.13999938964844,204.77999877929688,1812600.0,186.8947296142578
2018-08-10,204.1300048828125,201.0,203.80999755859375,201.9600067138672,1893200.0,184.32102966308594
2018-08-13,202.7899932861328,199.5,202.02000427246094,199.83999633789062,1587200.0,182.38619995117188
2018-08-14,201.0800018310547,199.41000366210938,199.77999877929688,200.52000427246094,1719000.0,183.00680541992188
2018-08-15,201.75999450683594,197.11000061035156,199.25,201.38999938964844,2028900.0,183.8008270263672
2018-08-16,203.42999267578125,201.82000732421875,202.02000427246094,203.14999389648438,1640200.0,185.40708923339844
2018-08-17,204.99000549316406,201.88999938964844,203.27999877929688,204.77000427246094,1598900.0,186.8856201171875
2018-08-20,205.8000030517578,203.66000366210938,205.72000122070312,204.60000610351562,2091700.0,186.73048400878906
2018-08-21,206.0399932861328,204.38999938964844,205.0,205.69000244140625,1709700.0,187.7252655029297
2018-08-22,205.77000427246094,203.39999389648438,205.77000427246094,204.25999450683594,1461300.0,186.420166015625
2018-08-23,203.14999389648438,201.4600067138672,203.0,202.75,1367300.0,186.28236389160156
2018-08-24,205.49000549316406,203.07000732421875,203.27999877929688,205.2899932861328,1676600.0,188.6160125732422
2018-08-27,208.5,205.85000610351562,206.17999267578125,208.3300018310547,1777200.0,191.40914916992188
2018-08-28,210.1199951171875,208.47999572753906,208.97000122070312,209.42999267578125,2136700.0,192.41978454589844
2018-08-29,210.97000122070312,208.50999450683594,209.1699981689453,210.4600067138672,2110300.0,193.36614990234375
2018-08-30,211.08999633789062,209.22999572753906,209.7100067138672,210.22000122070312,2240800.0,193.14561462402344
2018-08-31,211.72000122070312,209.44000244140625,209.57000732421875,210.9199981689453,1943500.0,193.78878784179688
2018-09-04,210.75,207.5500030517578,210.5500030517578,208.60000610351562,2108500.0,191.65721130371094
2018-09-05,211.91000366210938,207.35000610351562,208.2899932861328,211.8300018310547,1951500.0,194.62484741210938
2018-09-06,213.3699951171875,211.07000732421875,212.0,212.74000549316406,2363500.0,195.46095275878906
2018-09-07,212.97000122070312,209.97000122070312,212.24000549316406,212.57000732421875,2739200.0,195.3047637939453
2018-09-10,216.3699951171875,212.86000061035156,213.67999267578125,212.92999267578125,2399700.0,195.635498046875
2018-09-11,212.22000122070312,210.0,211.36000061035156,211.77999877929688,1967500.0,194.5789337158203
2018-09-12,214.75999450683594,205.89999389648438,212.3000030517578,206.7100067138672,4937000.0,189.92071533203125
2018-09-13,209.13999938964844,206.5500030517578,207.33999633789062,209.0500030517578,2171300.0,192.07064819335938
2018-09-14,210.3000030517578,207.14999389648438,208.83999633789062,207.8800048828125,1721600.0,190.9956817626953
2018-09-17,210.19000244140625,207.3000030517578,207.4600067138672,209.52999877929688,1610400.0,192.51165771484375
2018-09-18,211.8300018310547,208.42999267578125,210.24000549316406,211.52999877929688,1652900.0,194.3492431640625
2018-09-19,214.13999938964844,211.6300048828125,211.77000427246094,213.1199951171875,1884500.0,195.81007385253906
2018-09-20,217.0,213.25999450683594,214.6999969482422,215.27000427246094,2075100.0,197.7854461669922
2018-09-21,217.8699951171875,215.61000061035156,217.32000732421875,216.3300018310547,5563700.0,198.7593536376953
2018-09-24,215.8699951171875,212.69000244140625,215.38999938964844,213.50999450683594,2044800.0,196.1683807373047
2018-09-25,214.1300048828125,210.27999877929688,214.1300048828125,210.63999938964844,2090600.0,193.53152465820312
2018-09-26,212.58999633789062,210.63999938964844,211.49000549316406,211.07000732421875,1677700.0,193.92660522460938
2018-09-27,212.8699951171875,210.0,212.0,210.11000061035156,1609800.0,193.04457092285156
2018-09-28,211.27999877929688,208.8699951171875,209.52999877929688,210.7100067138672,2500200.0,193.59584045410156
2018-10-01,213.39999389648438,211.30999755859375,212.39999389648438,212.19000244140625,1828800.0,194.9556427001953
2018-10-02,215.83999633789062,212.10000610351562,212.3800048828125,215.7100067138672,1749400.0,198.18971252441406
2018-10-03,217.33999633789062,214.94000244140625,216.0,215.75999450683594,2139200.0,198.23565673828125
2018-10-04,215.66000366210938,212.0399932861328,214.85000610351562,213.83999633789062,1682500.0,196.47158813476562
2018-10-05,215.02999877929688,211.05999755859375,214.35000610351562,213.19000244140625,2140300.0,195.8743896484375
2018-10-08,214.5800018310547,212.25999450683594,213.1300048828125,214.3699951171875,1666700.0,196.9585723876953
2018-10-09,213.11000061035156,209.63999938964844,212.67999267578125,210.4199981689453,2947400.0,193.32936096191406
2018-10-10,209.19000244140625,201.5500030517578,209.19000244140625,202.14999389648438,3525200.0,185.7310791015625
2018-10-11,202.91000366210938,196.5,201.14999389648438,196.72999572753906,3497200.0,180.75132751464844
2018-10-12,202.5500030517578,195.92999267578125,200.8699951171875,198.22999572753906,2798100.0,182.12945556640625
2018-10-15,200.6999969482422,197.4199981689453,197.82000732421875,198.94000244140625,1812800.0,182.78179931640625
2018-10-16,202.52000427246094,199.22999572753906,200.4600067138672,202.3300018310547,1939500.0,185.89645385742188
2018-10-17,203.77000427246094,200.4499969482422,201.7899932861328,202.92999267578125,1824200.0,186.44772338867188
2018-10-18,202.52000427246094,198.39999389648438,202.33999633789062,200.3800048828125,2339400.0,184.1048583984375
2018-10-19,201.10000610351562,198.3699951171875,200.1199951171875,199.85000610351562,3167300.0,183.61788940429688
2018-10-22,203.39999389648438,199.69000244140625,201.25,201.36000061035156,3263300.0,185.00523376464844
2018-10-23,194.88999938964844,184.5,188.8000030517578,192.5500030517578,8255600.0,176.9108428955078
2018-10-24,192.9600067138672,183.97000122070312,192.10000610351562,184.5399932861328,5003500.0,169.55137634277344
2018-10-25,187.47999572753906,182.36000061035156,186.57000732421875,184.99000549316406,3535200.0,169.96485900878906
2018-10-26,186.66000366210938,181.97999572753906,183.30999755859375,184.9499969482422,3546200.0,169.92811584472656
2018-10-29,188.8800048828125,183.16000366210938,187.85000610351562,185.7899932861328,2867600.0,170.6998748779297
2018-10-30,190.0800018310547,185.0,186.8300018310547,189.80999755859375,2919600.0,174.39334106445312
2018-10-31,192.1199951171875,189.6699981689453,190.6999969482422,190.25999450683594,2845100.0,174.8068084716797
2018-11-01,193.2100067138672,190.08999633789062,190.61000061035156,192.22000122070312,2242800.0,176.60760498046875
2018-11-02,194.47000122070312,191.60000610351562,193.66000366210938,192.80999755859375,3069600.0,177.14968872070312
2018-11-05,194.55999755859375,192.2100067138672,193.5,193.25,2886500.0,177.553955078125
2018-11-06,195.5,193.0,193.27000427246094,195.3000030517578,1900200.0,179.4374542236328
2018-11-07,201.39999389648438,195.41000366210938,197.19000244140625,201.2899932861328,2444400.0,184.9409637451172
2018-11-08,204.27000427246094,200.72999572753906,201.0,204.07000732421875,2534000.0,187.49514770507812
2018-11-09,204.0,199.6999969482422,204.0,201.10000610351562,2429300.0,184.76638793945312
2018-11-12,200.77000427246094,196.5,200.57000732421875,197.0399932861328,2770000.0,181.0360870361328
2018-11-13,200.8800048828125,197.16000366210938,197.52000427246094,198.3699951171875,2168800.0,182.2581024169922
2018-11-14,201.0399932861328,196.2899932861328,200.8000030517578,198.05999755859375,2797700.0,181.97325134277344
2018-11-15,205.1300048828125,196.24000549316406,197.72999572753906,204.91000366210938,3157500.0,188.26693725585938
2018-11-16,209.77000427246094,202.60000610351562,203.24000549316406,209.0,2620400.0,192.0247039794922
2018-11-19,208.0500030517578,204.3699951171875,207.8300018310547,205.5800018310547,3220400.0,188.88247680664062
2018-11-20,204.13999938964844,200.19000244140625,203.5800018310547,200.50999450683594,2677200.0,184.22427368164062
2018-11-21,201.17999267578125,198.66000366210938,199.67999267578125,198.69000244140625,1832700.0,183.7987518310547
2018-11-23,198.67999267578125,196.7899932861328,197.75999450683594,196.8000030517578,999900.0,182.05043029785156
2018-11-26,201.8300018310547,197.32000732421875,198.57000732421875,199.86000061035156,2321000.0,184.88107299804688
2018-11-27,201.32000732421875,196.77999877929688,199.1199951171875,200.69000244140625,2079600.0,185.6488800048828
2018-11-28,204.35000610351562,199.4199981689453,201.99000549316406,204.33999633789062,2184400.0,189.02529907226562
2018-11-29,205.83999633789062,202.66000366210938,203.8699951171875,204.55999755859375,1569200.0,189.2288360595703
2018-11-30,207.9199981689453,203.97999572753906,204.36000061035156,207.9199981689453,3171900.0,192.33700561523438
2018-12-03,211.9499969482422,207.0500030517578,211.2100067138672,208.75999450683594,2493400.0,193.11404418945312
2018-12-04,208.5500030517578,202.08999633789062,208.05999755859375,202.1999969482422,2698700.0,187.04568481445312
2018-12-06,203.0800018310547,198.19000244140625,199.61000061035156,202.67999267578125,2991800.0,187.48971557617188
2018-12-07,204.3699951171875,197.00999450683594,202.6199951171875,198.24000549316406,2254500.0,183.3824920654297
2018-12-10,198.9499969482422,193.63999938964844,198.36000061035156,198.32000732421875,1980300.0,183.4564971923828
2018-12-11,202.0,196.13999938964844,201.25999450683594,197.4600067138672,1828900.0,182.6609344482422
2018-12-12,202.6199951171875,199.6999969482422,200.60000610351562,199.80999755859375,1919000.0,184.8348388671875
2018-12-13,202.39999389648438,199.52000427246094,201.42999267578125,202.1300048828125,1831700.0,186.98095703125
2018-12-14,201.57000732421875,195.85000610351562,200.1199951171875,196.10000610351562,2473200.0,181.40289306640625
2018-12-17,198.25,191.85000610351562,195.83999633789062,192.82000732421875,2547600.0,178.3687286376953
2018-12-18,196.9199981689453,193.14999389648438,193.38999938964844,194.55999755859375,2636300.0,179.978271484375
2018-12-19,198.22999572753906,189.6999969482422,196.0,189.9600067138672,3266500.0,175.72305297851562
2018-12-20,191.1199951171875,185.5,189.11000061035156,187.3800048828125,3609200.0,173.33642578125
2018-12-21,190.5,183.63999938964844,187.86000061035156,183.75,6699200.0,169.97848510742188
2018-12-24,183.5399932861328,178.50999450683594,181.88999938964844,178.6199951171875,2249500.0,165.23297119140625
2018-12-26,186.3300018310547,176.8699951171875,179.3800048828125,186.25999450683594,2925500.0,172.3003692626953
2018-12-27,190.6999969482422,182.8800048828125,183.5,190.6999969482422,2809000.0,176.40757751464844
2018-12-28,192.3000030517578,188.57000732421875,191.80999755859375,189.3699951171875,2311400.0,175.17726135253906
2018-12-31,191.64999389648438,188.5,190.33999633789062,190.5399932861328,1804400.0,176.2595672607422
2019-01-02,190.99000549316406,186.6999969482422,187.82000732421875,190.9499969482422,2475200.0,176.6388397216797
2019-01-03,188.27999877929688,182.88999938964844,188.27999877929688,183.75999450683594,3358200.0,169.98773193359375
2019-01-04,191.97999572753906,186.02999877929688,186.75,191.32000732421875,2995100.0,176.98114013671875
2019-01-07,192.3000030517578,188.66000366210938,191.36000061035156,190.8800048828125,2162200.0,176.57411193847656
2019-01-08,194.11000061035156,189.5800018310547,193.0,191.67999267578125,2479800.0,177.31414794921875
2019-01-09,193.94000244140625,191.3800048828125,193.25,192.3000030517578,2163600.0,177.88768005371094
2019-01-10,193.80999755859375,189.39999389648438,190.8699951171875,193.60000610351562,1939300.0,179.0902557373047
2019-01-11,192.69000244140625,190.86000061035156,191.83999633789062,192.2100067138672,2359900.0,177.804443359375
2019-01-14,192.8300018310547,189.8000030517578,190.63999938964844,192.1699981689453,1914400.0,177.76742553710938
2019-01-15,190.67999267578125,187.86000061035156,188.83999633789062,188.94000244140625,2737300.0,174.77947998046875
2019-01-16,190.44000244140625,188.4199981689453,188.50999450683594,189.47999572753906,2492100.0,175.27903747558594
2019-01-17,192.89999389648438,187.89999389648438,188.55999755859375,191.7100067138672,1978900.0,177.3419189453125
2019-01-18,196.39999389648438,192.36000061035156,194.33999633789062,195.86000061035156,2746600.0,181.18089294433594
2019-01-22,194.49000549316406,190.42999267578125,194.22000122070312,192.25999450683594,2709600.0,177.8506622314453
2019-01-23,194.0,190.27999877929688,192.6300048828125,192.2899932861328,1652900.0,177.87841796875
2019-01-24,193.1699981689453,191.50999450683594,192.25999450683594,192.52000427246094,1582800.0,178.09120178222656
2019-01-25,197.16000366210938,194.4600067138672,194.72000122070312,195.89999389648438,2320100.0,181.21786499023438
2019-01-28,193.4499969482422,191.07000732421875,193.13999938964844,193.1999969482422,3156600.0,178.72021484375
2019-01-29,199.88999938964844,194.1999969482422,195.00999450683594,196.9499969482422,4311100.0,182.1891632080078
2019-01-30,200.11000061035156,194.6300048828125,198.22000122070312,199.27000427246094,2168100.0,184.33531188964844
2019-01-31,200.88999938964844,197.74000549316406,198.8000030517578,200.3000030517578,3338400.0,185.28811645507812
2019-02-01,201.77000427246094,198.2899932861328,201.49000549316406,199.16000366210938,2239400.0,184.23355102539062
2019-02-04,200.25999450683594,196.25,199.00999450683594,200.2100067138672,1973600.0,185.20486450195312
2019-02-05,201.1300048828125,199.72999572753906,200.72000122070312,201.1199951171875,2036900.0,186.04661560058594
2019-02-06,203.0800018310547,200.25,201.22000122070312,202.57000732421875,1672400.0,187.38796997070312
2019-02-07,202.39999389648438,198.86000061035156,201.02000427246094,199.83999633789062,1949400.0,184.86257934570312
2019-02-08,199.85000610351562,197.89999389648438,199.22000122070312,199.82000732421875,1451800.0,184.84408569335938
2019-02-11,201.1999969482422,199.63999938964844,200.92999267578125,200.91000366210938,1513500.0,185.8523712158203
2019-02-12,206.7899932861328,202.19000244140625,202.8699951171875,206.57000732421875,2623000.0,191.0882110595703
2019-02-13,210.39999389648438,206.58999633789062,207.08999633789062,209.72000122070312,2967300.0,194.00209045410156
2019-02-14,207.1199951171875,204.0500030517578,206.58999633789062,204.92999267578125,2229700.0,190.88174438476562
2019-02-15,208.97000122070312,206.0,206.4600067138672,208.86000061035156,2000400.0,194.5423126220703
2019-02-19,209.14999389648438,207.38999938964844,207.91000366210938,208.41000366210938,1534400.0,194.12319946289062
2019-02-20,208.97000122070312,207.32000732421875,208.92999267578125,208.52999877929688,1879100.0,194.2349395751953
2019-02-21,209.11000061035156,207.25,208.16000366210938,207.77000427246094,1737600.0,193.52706909179688
2019-02-22,209.66000366210938,207.14999389648438,207.77000427246094,209.35000610351562,1534200.0,194.9987335205078
2019-02-25,211.35000610351562,210.33999633789062,210.47000122070312,210.5800018310547,2183500.0,196.14442443847656
2019-02-26,211.58999633789062,209.3699951171875,210.5800018310547,209.3800048828125,1671300.0,195.02670288085938
2019-02-27,209.69000244140625,208.16000366210938,209.60000610351562,209.02999877929688,1540600.0,194.70068359375
2019-02-28,209.0500030517578,206.9600067138672,209.0500030517578,207.38999938964844,2121700.0,193.173095703125
2019-03-01,209.75999450683594,206.89999389648438,208.80999755859375,207.49000549316406,1754400.0,193.26625061035156
2019-03-04,209.97999572753906,205.74000549316406,208.99000549316406,206.86000061035156,1989900.0,192.679443359375
2019-03-05,207.25,203.83999633789062,205.5800018310547,203.83999633789062,2744500.0,189.86647033691406
2019-03-06,204.7899932861328,202.75999450683594,204.72999572753906,202.8000030517578,1825300.0,188.89776611328125
2019-03-07,202.55999755859375,198.5,202.55999755859375,199.86000061035156,3339600.0,186.15928649902344
2019-03-08,201.1699981689453,198.0,198.3800048828125,200.88999938964844,1724500.0,187.11868286132812
2019-03-11,207.16000366210938,201.66000366210938,201.8800048828125,207.10000610351562,2385300.0,192.90298461914062
2019-03-12,208.38999938964844,205.3800048828125,207.83999633789062,205.8000030517578,2115100.0,191.6920928955078
2019-03-13,207.3000030517578,205.6300048828125,206.8300018310547,206.66000366210938,2036700.0,192.49313354492188
2019-03-14,207.4499969482422,205.72999572753906,206.6999969482422,207.3800048828125,1793400.0,193.16378784179688
2019-03-15,208.66000366210938,206.7899932861328,208.39999389648438,208.0800018310547,4394700.0,193.8157958984375
2019-03-18,208.60000610351562,205.61000061035156,208.44000244140625,208.49000549316406,1843600.0,194.19769287109375
2019-03-19,210.5399932861328,208.30999755859375,209.10000610351562,209.02000427246094,2351600.0,194.6913604736328
2019-03-20,210.50999450683594,207.2899932861328,209.0,208.3000030517578,1734600.0,194.02073669433594
2019-03-21,210.16000366210938,205.97000122070312,206.8000030517578,209.61000061035156,2288100.0,195.24090576171875
2019-03-22,208.49000549316406,204.47000122070312,208.2899932861328,204.66000366210938,2716100.0,190.6302490234375
2019-03-25,205.47000122070312,202.25,203.4600067138672,203.2100067138672,2020600.0,189.27964782714844
2019-03-26,207.63999938964844,204.77000427246094,205.0,207.24000549316406,1895600.0,193.03338623046875
2019-03-27,207.94000244140625,205.1300048828125,207.39999389648438,207.16000366210938,2004000.0,192.9588623046875
2019-03-28,208.74000549316406,206.63999938964844,208.0,208.52999877929688,1670600.0,194.2349395751953
2019-03-29,209.5,206.1999969482422,209.2899932861328,207.77999877929688,2858300.0,193.536376953125
2019-04-01,212.38999938964844,209.25999450683594,209.88999938964844,211.94000244140625,2588400.0,197.4112091064453
2019-04-02,212.6999969482422,211.0,212.24000549316406,212.1300048828125,1413500.0,197.58819580078125
2019-04-03,213.92999267578125,212.44000244140625,212.9499969482422,213.1300048828125,1570000.0,198.51962280273438
2019-04-04,215.27000427246094,212.3300018310547,213.5,215.02999877929688,1560900.0,200.28936767578125
2019-04-05,216.49000549316406,214.8000030517578,215.8800048828125,215.41000366210938,1391100.0,200.64332580566406
2019-04-08,215.07000732421875,213.47000122070312,214.7100067138672,215.02000427246094,1130000.0,200.2800750732422
2019-04-09,214.57000732421875,211.82000732421875,214.4199981689453,211.9600067138672,1516500.0,197.42982482910156
2019-04-10,212.7100067138672,210.72000122070312,212.4199981689453,212.11000061035156,1348600.0,197.5695343017578
2019-04-11,213.7100067138672,211.44000244140625,211.7100067138672,213.52999877929688,1181200.0,198.89218139648438
2019-04-12,217.49000549316406,214.35000610351562,215.10000610351562,217.4199981689453,1922400.0,202.5155487060547
2019-04-15,217.36000061035156,214.89999389648438,216.83999633789062,215.8300018310547,1483300.0,201.03451538085938
2019-04-16,217.6699981689453,215.47999572753906,216.58999633789062,216.89999389648438,1549600.0,202.03118896484375
2019-04-17,219.3300018310547,217.17999267578125,217.6300048828125,217.63999938964844,1977600.0,202.720458984375
2019-04-18,219.6699981689453,217.6199951171875,217.97999572753906,218.8800048828125,1780100.0,203.87547302246094
2019-04-22,219.39999389648438,217.27000427246094,217.3000030517578,218.5399932861328,1403500.0,203.55874633789062
2019-04-23,219.5500030517578,217.17999267578125,218.00999450683594,219.5,1561800.0,204.45294189453125
2019-04-24,219.75,218.10000610351562,219.0,219.0800018310547,2048900.0,204.06173706054688
2019-04-25,198.9600067138672,189.60000610351562,197.5399932861328,190.72000122070312,14646200.0,177.64588928222656
2019-04-26,192.25,189.36000061035156,190.52999877929688,191.6699981689453,4491300.0,178.53073120117188
2019-04-29,192.19000244140625,189.75,191.52000427246094,190.2100067138672,3803400.0,177.1708221435547
2019-04-30,190.86000061035156,186.5500030517578,190.86000061035156,189.50999450683594,4541000.0,176.51881408691406
2019-05-01,189.7100067138672,185.9199981689453,189.49000549316406,186.07000732421875,3818500.0,173.31463623046875
2019-05-02,186.5,183.3800048828125,184.5,184.75,5654900.0,172.08511352539062
2019-05-03,186.69000244140625,184.08999633789062,185.80999755859375,185.22000122070312,4747700.0,172.5228729248047
2019-05-06,183.11000061035156,180.1300048828125,182.0399932861328,183.0399932861328,6517600.0,170.49232482910156
2019-05-07,181.89999389648438,177.80999755859375,181.80999755859375,179.1199951171875,5415600.0,166.841064453125
2019-05-08,180.52999877929688,178.5,179.50999450683594,178.58999633789062,2990500.0,166.34739685058594
2019-05-09,177.39999389648438,174.17999267578125,177.3000030517578,175.27999877929688,5098200.0,163.2642822265625
2019-05-10,176.3300018310547,173.00999450683594,175.02000427246094,175.86000061035156,5012300.0,163.80453491210938
2019-05-13,174.5800018310547,172.7899932861328,173.94000244140625,174.07000732421875,5916700.0,162.1372528076172
2019-05-14,176.97000122070312,174.50999450683594,174.7899932861328,175.2100067138672,4014000.0,163.1990966796875
2019-05-15,175.64999389648438,173.64999389648438,174.02000427246094,174.1199951171875,3015500.0,162.18380737304688
2019-05-16,174.38999938964844,171.36000061035156,174.38999938964844,171.80999755859375,4039500.0,160.03213500976562
2019-05-17,170.25999450683594,168.42999267578125,170.0,169.08999633789062,4595000.0,157.49862670898438
2019-05-20,167.9600067138672,165.61000061035156,167.9600067138672,166.25,4374600.0,154.8533172607422
2019-05-21,167.4199981689453,166.17999267578125,167.00999450683594,167.3000030517578,4148200.0,155.83132934570312
2019-05-22,170.75999450683594,166.4600067138672,167.42999267578125,169.74000549316406,4504200.0,158.1040802001953
2019-05-23,168.3000030517578,164.58999633789062,167.5800018310547,165.8699951171875,3830200.0,155.82127380371094
2019-05-24,167.4199981689453,165.32000732421875,166.33999633789062,166.08999633789062,2366900.0,156.02793884277344
2019-05-28,166.99000549316406,163.35000610351562,166.8000030517578,163.35000610351562,4875100.0,153.4539794921875
2019-05-29,163.8000030517578,160.5,163.00999450683594,161.39999389648438,3669000.0,151.6220703125
2019-05-30,162.27000427246094,160.0,161.39999389648438,160.5800018310547,2478700.0,150.8517608642578
2019-05-31,160.74000549316406,159.6300048828125,159.8300018310547,159.75,3521900.0,150.0720672607422
2019-06-03,161.5,159.32000732421875,159.75,160.0399932861328,3726500.0,150.344482421875
2019-06-04,165.08999633789062,161.5800018310547,161.72999572753906,164.2899932861328,3746800.0,154.33702087402344
2019-06-05,165.8300018310547,162.8800048828125,165.13999938964844,163.85000610351562,3161600.0,153.9236602783203
2019-06-06,166.35000610351562,162.4600067138672,164.0,164.72000122070312,3581800.0,154.74095153808594
2019-06-07,167.08999633789062,164.63999938964844,165.55999755859375,166.61000061035156,2017700.0,156.51644897460938
2019-06-10,170.22000122070312,167.8699951171875,168.11000061035156,168.2899932861328,2257600.0,158.0946807861328
2019-06-11,170.36000061035156,168.5,169.91000366210938,168.91000366210938,2227200.0,158.67710876464844
2019-06-12,170.14999389648438,168.58999633789062,169.8699951171875,169.00999450683594,2166400.0,158.77105712890625
2019-06-13,169.89999389648438,167.8699951171875,169.36000061035156,168.85000610351562,2141500.0,158.62075805664062
2019-06-14,168.25,166.0500030517578,168.24000549316406,166.69000244140625,2719200.0,156.5915985107422
2019-06-17,167.42999267578125,166.4600067138672,167.10000610351562,166.77999877929688,1783300.0,156.6761474609375
2019-06-18,172.27000427246094,167.57000732421875,167.85000610351562,171.86000061035156,3623000.0,161.4484100341797
2019-06-19,172.80999755859375,170.5399932861328,171.8800048828125,170.75,2777400.0,160.40565490722656
2019-06-20,174.27999877929688,171.6999969482422,172.8699951171875,173.94000244140625,3064200.0,163.40237426757812
2019-06-21,174.55999755859375,172.6300048828125,173.75,173.35000610351562,4880800.0,162.84812927246094
2019-06-24,174.33999633789062,173.33999633789062,173.35000610351562,173.3800048828125,2711900.0,162.87632751464844
2019-06-25,173.38999938964844,171.27999877929688,173.25,172.02999877929688,2733200.0,161.60809326171875
2019-06-26,173.24000549316406,171.72000122070312,172.35000610351562,171.8800048828125,1812200.0,161.46719360351562
2019-06-27,172.7899932861328,170.64999389648438,172.50999450683594,171.5,1718500.0,161.1102294921875
2019-06-28,174.3699951171875,171.77000427246094,171.85000610351562,173.33999633789062,3600800.0,162.83872985839844
2019-07-01,175.77999877929688,173.52000427246094,175.4600067138672,174.50999450683594,2106700.0,163.93785095214844
2019-07-02,175.10000610351562,173.07000732421875,175.10000610351562,174.02000427246094,1555400.0,163.47755432128906
2019-07-03,175.0399932861328,172.92999267578125,174.1699981689453,174.97999572753906,1170700.0,164.37936401367188
2019-07-05,173.27999877929688,169.72999572753906,173.0,172.0,1740500.0,161.57992553710938
2019-07-08,170.47999572753906,168.77000427246094,169.9199981689453,169.19000244140625,2285300.0,158.94015502929688
2019-07-09,167.4499969482422,164.2899932861328,166.82000732421875,165.6999969482422,4536100.0,155.66159057617188
2019-07-10,167.32000732421875,165.57000732421875,166.19000244140625,165.6999969482422,2661700.0,155.66159057617188
2019-07-11,169.08999633789062,165.8699951171875,166.3000030517578,169.0399932861328,2814800.0,158.7992401123047
2019-07-12,173.36000061035156,169.25,170.10000610351562,173.33999633789062,3160700.0,162.83872985839844
2019-07-15,174.25,171.2100067138672,173.3800048828125,172.83999633789062,2187500.0,162.36900329589844
2019-07-16,177.25,172.72000122070312,172.75,176.49000549316406,3918900.0,165.79791259765625
2019-07-17,176.49000549316406,174.10000610351562,176.35000610351562,174.6699981689453,2947400.0,164.08816528320312
2019-07-18,175.13999938964844,172.39999389648438,174.4199981689453,173.05999755859375,2221800.0,162.57571411132812
2019-07-19,173.99000549316406,172.2100067138672,173.00999450683594,172.61000061035156,2360300.0,162.15296936035156
2019-07-22,175.2100067138672,172.1300048828125,172.80999755859375,174.63999938964844,2004400.0,164.0599822998047
2019-07-23,178.02000427246094,175.64999389648438,176.0,177.52000427246094,2360700.0,166.7655029296875
2019-07-24,180.2899932861328,176.25999450683594,176.92999267578125,179.4199981689453,3532300.0,168.55039978027344
2019-07-25,187.72000122070312,176.66000366210938,187.00999450683594,178.1300048828125,7362000.0,167.3385467529297
2019-07-26,178.38999938964844,170.57000732421875,177.6300048828125,173.97999572753906,4016100.0,163.43997192382812
2019-07-29,177.6199951171875,173.66000366210938,173.8300018310547,176.75999450683594,2638900.0,166.05154418945312
2019-07-30,177.80999755859375,173.8000030517578,175.66000366210938,177.6300048828125,1978900.0,166.86883544921875
2019-07-31,178.02000427246094,173.39999389648438,177.64999389648438,174.72000122070312,3015800.0,164.13511657714844
2019-08-01,177.6699981689453,173.02999877929688,174.7899932861328,173.36000061035156,2381200.0,162.85751342773438
2019-08-02,172.9199981689453,169.80999755859375,172.86000061035156,170.5500030517578,2423100.0,160.21775817871094
2019-08-05,169.02000427246094,164.4199981689453,168.9499969482422,164.7100067138672,2894700.0,154.73158264160156
2019-08-06,165.47999572753906,162.89999389648438,164.82000732421875,163.7100067138672,3494800.0,153.7921600341797
2019-08-07,163.9499969482422,158.0399932861328,162.0,163.63999938964844,5993200.0,153.72637939453125
2019-08-08,165.49000549316406,163.5500030517578,164.3699951171875,164.22000122070312,3260100.0,154.271240234375
2019-08-09,164.75,162.02999877929688,164.5399932861328,163.47000122070312,1582100.0,153.56668090820312
2019-08-12,164.77999877929688,161.5500030517578,163.02000427246094,162.10000610351562,1473800.0,152.27967834472656
2019-08-13,167.8800048828125,162.14999389648438,162.55999755859375,164.8800048828125,3244600.0,154.89126586914062
2019-08-14,162.8699951171875,158.6699981689453,162.5,158.80999755859375,4056100.0,149.18898010253906
2019-08-15,159.6999969482422,155.6300048828125,158.05999755859375,156.83999633789062,4452700.0,148.6865692138672
2019-08-16,161.91000366210938,157.4499969482422,157.83999633789062,161.5,3481800.0,153.10427856445312
2019-08-19,163.9499969482422,161.77999877929688,163.7100067138672,162.9499969482422,3198000.0,154.47891235351562
2019-08-20,163.11000061035156,160.9600067138672,163.11000061035156,161.00999450683594,2061700.0,152.6397705078125
2019-08-21,163.64999389648438,161.0500030517578,162.69000244140625,161.14999389648438,1623600.0,152.7724609375
2019-08-22,162.92999267578125,160.14999389648438,162.0,160.8800048828125,1441600.0,152.51654052734375
2019-08-23,160.35000610351562,155.27000427246094,160.0800018310547,155.85000610351562,4223900.0,147.74801635742188
2019-08-26,157.47000122070312,155.0800018310547,157.00999450683594,156.1199951171875,2215300.0,148.0039520263672
2019-08-27,157.47999572753906,155.39999389648438,157.3300018310547,155.75,2281100.0,147.6531982421875
2019-08-28,157.77999877929688,154.0,155.10000610351562,157.5500030517578,2346900.0,149.35963439941406
2019-08-29,161.02999877929688,159.0500030517578,159.3000030517578,160.36000061035156,3170500.0,152.02354431152344
2019-08-30,162.14999389648438,160.41000366210938,161.57000732421875,161.72000122070312,1967000.0,153.31285095214844
2019-09-03,161.6300048828125,157.25999450683594,161.39999389648438,158.63999938964844,1835800.0,150.39297485351562
2019-09-04,160.6300048828125,158.99000549316406,159.8300018310547,160.07000732421875,1506600.0,151.74864196777344
2019-09-05,166.41000366210938,162.38999938964844,162.5,164.22999572753906,2421400.0,155.69236755371094
2019-09-06,164.8800048828125,162.9499969482422,164.63999938964844,163.94000244140625,1762300.0,155.41744995117188
2019-09-09,167.85000610351562,164.69000244140625,165.0,165.94000244140625,3091300.0,157.31349182128906
2019-09-10,169.10000610351562,166.00999450683594,166.16000366210938,168.86000061035156,3240200.0,160.0816650390625
2019-09-11,169.88999938964844,165.3699951171875,169.86000061035156,168.0800018310547,3579100.0,159.34222412109375
2019-09-12,171.85000610351562,168.61000061035156,169.6199951171875,170.5800018310547,2870400.0,161.71226501464844
2019-09-13,172.47999572753906,169.86000061035156,170.58999633789062,171.44000244140625,2534200.0,162.5275421142578
2019-09-16,171.2100067138672,167.91000366210938,171.2100067138672,169.6699981689453,2459300.0,160.84957885742188
2019-09-17,168.57000732421875,166.5,167.75999450683594,168.07000732421875,2716400.0,159.33273315429688
2019-09-18,168.0500030517578,165.25,167.61000061035156,167.44000244140625,2096700.0,158.7355194091797
2019-09-19,168.80999755859375,166.91000366210938,167.38999938964844,167.07000732421875,1623000.0,158.38475036621094
2019-09-20,169.1699981689453,166.47999572753906,167.42999267578125,166.75999450683594,3698900.0,158.0908660888672
2019-09-23,167.42999267578125,164.5,165.49000549316406,166.75999450683594,1938600.0,158.0908660888672
2019-09-24,167.5500030517578,164.16000366210938,167.0500030517578,164.74000549316406,2986800.0,156.1758575439453
2019-09-25,164.97999572753906,163.69000244140625,164.75999450683594,164.0,2758200.0,155.4743194580078
2019-09-26,164.41000366210938,162.8000030517578,164.0,163.8300018310547,2763300.0,155.31317138671875
2019-09-27,165.63999938964844,163.52000427246094,164.47999572753906,164.52999877929688,2870300.0,155.97677612304688
2019-09-30,165.57000732421875,163.94000244140625,165.2100067138672,164.39999389648438,2508500.0,155.85353088378906
2019-10-01,165.2100067138672,158.1699981689453,165.0,158.3800048828125,3271500.0,150.146484375
2019-10-02,157.22000122070312,154.6300048828125,157.05999755859375,155.64999389648438,2972300.0,147.5583953857422
2019-10-03,155.4600067138672,150.80999755859375,155.13999938964844,155.22999572753906,3025700.0,147.16024780273438
2019-10-04,156.0500030517578,154.39999389648438,155.22999572753906,155.82000732421875,2646400.0,147.7195587158203
2019-10-07,155.35000610351562,153.52000427246094,155.0,153.52000427246094,2471200.0,145.5391387939453
2019-10-08,152.8000030517578,150.5800018310547,152.3300018310547,150.74000549316406,2781800.0,142.90367126464844
2019-10-09,152.44000244140625,150.7899932861328,152.33999633789062,150.99000549316406,3358600.0,143.14068603515625
2019-10-10,153.08999633789062,150.8699951171875,150.9499969482422,152.30999755859375,3192000.0,144.39202880859375
2019-10-11,159.60000610351562,154.11000061035156,154.1300048828125,158.10000610351562,4670200.0,149.8810577392578
2019-10-14,162.38999938964844,157.33999633789062,158.0399932861328,160.50999450683594,3269800.0,152.165771484375
2019-10-15,164.02000427246094,159.35000610351562,159.35000610351562,162.97999572753906,3098600.0,154.50733947753906
2019-10-16,164.1999969482422,162.1199951171875,163.10000610351562,162.17999267578125,1935200.0,153.74893188476562
2019-10-17,165.49000549316406,163.0800018310547,163.13999938964844,163.5399932861328,1944600.0,155.03823852539062
2019-10-18,164.27000427246094,162.97999572753906,163.55999755859375,163.10000610351562,2693700.0,154.62112426757812
2019-10-21,166.14999389648438,164.75999450683594,165.47000122070312,165.94000244140625,1998600.0,157.31349182128906
2019-10-22,168.91000366210938,165.10000610351562,166.27000427246094,167.5399932861328,2064000.0,158.8302764892578
2019-10-23,168.75999450683594,166.55999755859375,167.41000366210938,168.75999450683594,2712300.0,159.9868621826172
2019-10-24,165.25,159.6300048828125,165.16000366210938,161.88999938964844,5953300.0,153.47401428222656
2019-10-25,167.6300048828125,162.1300048828125,162.50999450683594,166.08999633789062,3104800.0,157.45565795898438
2019-10-28,169.7100067138672,166.1999969482422,166.47999572753906,169.05999755859375,3138000.0,160.2712860107422
2019-10-29,169.9499969482422,167.50999450683594,168.02999877929688,168.80999755859375,2669400.0,160.03427124023438
2019-10-30,168.57000732421875,167.02999877929688,168.22999572753906,168.3699951171875,1780400.0,159.61712646484375
2019-10-31,168.55999755859375,163.5500030517578,168.50999450683594,164.99000549316406,2653100.0,156.41287231445312
2019-11-01,170.14999389648438,166.72000122070312,166.94000244140625,170.08999633789062,2467400.0,161.2477264404297
2019-11-04,175.0,171.6199951171875,171.6199951171875,174.89999389648438,4142800.0,165.8076629638672
2019-11-05,175.4600067138672,173.77000427246094,175.0,175.27000427246094,2304400.0,166.158447265625
2019-11-06,175.0,172.36000061035156,174.91000366210938,174.0,3012900.0,164.9544677734375
2019-11-07,176.7100067138672,173.7899932861328,175.72999572753906,174.52000427246094,3358800.0,165.4474334716797
2019-11-08,174.8699951171875,172.11000061035156,174.5800018310547,173.14999389648438,1615600.0,164.14865112304688
2019-11-11,172.5,169.64999389648438,172.5,170.11000061035156,2664300.0,161.26670837402344
2019-11-12,172.07000732421875,170.02999877929688,170.36000061035156,170.83999633789062,1740400.0,161.958740234375
2019-11-13,171.38999938964844,169.5800018310547,170.11000061035156,170.5500030517578,1638800.0,161.68382263183594
2019-11-14,172.32000732421875,169.92999267578125,169.97999572753906,170.92999267578125,1613900.0,162.0440673828125
2019-11-15,172.69000244140625,171.0399932861328,171.66000366210938,171.8800048828125,2616900.0,162.94468688964844
2019-11-18,171.1999969482422,169.1699981689453,170.7899932861328,170.5399932861328,2364600.0,161.67434692382812
2019-11-19,171.72000122070312,169.52999877929688,171.72000122070312,170.67999267578125,1791800.0,161.8070526123047
2019-11-20,170.0,167.14999389648438,169.7899932861328,167.77000427246094,2689500.0,159.04835510253906
2019-11-21,167.0,164.50999450683594,166.8800048828125,165.13999938964844,3605900.0,157.91043090820312
2019-11-22,167.75,165.0,165.5,167.60000610351562,3268300.0,160.26275634765625
2019-11-25,170.36000061035156,167.8699951171875,168.47000122070312,170.24000549316406,2761900.0,162.78717041015625
2019-11-26,170.25,168.7100067138672,169.8000030517578,169.22999572753906,2610900.0,161.8213653564453
2019-11-27,171.3699951171875,169.50999450683594,170.0,170.61000061035156,1331500.0,163.14097595214844
2019-11-29,170.5800018310547,169.25999450683594,170.42999267578125,169.77000427246094,942500.0,162.33773803710938
2019-12-02,171.6999969482422,168.24000549316406,170.16000366210938,168.27000427246094,2342200.0,160.90341186523438
2019-12-03,166.60000610351562,164.39999389648438,166.5,165.1699981689453,2702000.0,157.93910217285156
2019-12-04,168.8699951171875,166.0,166.4199981689453,167.13999938964844,2139200.0,159.8228759765625
2019-12-05,167.8699951171875,162.72000122070312,167.22000122070312,164.3699951171875,3309300.0,157.1741485595703
2019-12-06,171.99000549316406,167.25,167.25,171.47000122070312,3880000.0,163.96331787109375
2019-12-09,171.25999450683594,168.7899932861328,169.39999389648438,169.8300018310547,2058200.0,162.39511108398438
2019-12-10,169.38999938964844,166.97000122070312,169.1300048828125,167.66000366210938,2670500.0,160.3201141357422
2019-12-11,168.83999633789062,167.3300018310547,168.3800048828125,168.74000549316406,1859000.0,161.35284423828125
2019-12-12,170.85000610351562,166.3300018310547,166.72999572753906,168.55999755859375,2872400.0,161.1807098388672
2019-12-13,171.1199951171875,168.0800018310547,169.6199951171875,168.7899932861328,2098000.0,161.400634765625
2019-12-16,170.8300018310547,168.19000244140625,168.94000244140625,170.75,2917200.0,163.27484130859375
2019-12-17,171.7899932861328,169.2100067138672,170.35000610351562,169.92999267578125,2672600.0,162.49073791503906
2019-12-18,170.0,168.19000244140625,169.77999877929688,169.02999877929688,2270400.0,161.63014221191406
2019-12-19,172.5800018310547,169.14999389648438,169.6199951171875,172.14999389648438,2757600.0,164.61354064941406
2019-12-20,175.47000122070312,172.1999969482422,174.7899932861328,175.3699951171875,7513000.0,167.6925811767578
2019-12-23,179.17999267578125,176.55999755859375,176.7100067138672,178.47000122070312,4876300.0,170.65687561035156
2019-12-24,178.6699981689453,176.0399932861328,178.27000427246094,176.67999267578125,1259500.0,168.9452362060547
2019-12-26,176.66000366210938,175.5,176.4499969482422,176.58999633789062,1435200.0,168.85916137695312
2019-12-27,177.5399932861328,175.6199951171875,176.64999389648438,177.25999450683594,1472900.0,169.49984741210938
2019-12-30,178.9600067138672,175.58999633789062,177.25999450683594,175.8300018310547,1715100.0,168.1324462890625
2019-12-31,176.58999633789062,175.07000732421875,175.22999572753906,176.4199981689453,1573500.0,168.69662475585938
2020-01-02,180.00999450683594,177.13999938964844,177.67999267578125,180.0,3601700.0,172.11988830566406
2020-01-03,178.66000366210938,175.6300048828125,177.02000427246094,178.4499969482422,2466900.0,170.6377410888672
2020-01-06,178.7100067138672,176.35000610351562,177.14999389648438,178.6199951171875,1998000.0,170.80030822753906
2020-01-07,178.50999450683594,176.82000732421875,178.27999877929688,177.89999389648438,2173000.0,170.11181640625
2020-01-08,181.5,177.64999389648438,178.0,180.6300048828125,2758300.0,172.72232055664062
2020-01-09,181.58999633789062,179.75999450683594,181.50999450683594,181.1999969482422,2746300.0,173.26736450195312
2020-01-10,182.17999267578125,180.13999938964844,181.61000061035156,180.47000122070312,2103800.0,172.56932067871094
2020-01-13,182.22999572753906,180.36000061035156,180.94000244140625,180.9199981689453,2090800.0,172.99960327148438
2020-01-14,182.5500030517578,180.2100067138672,180.9199981689453,181.3699951171875,2911200.0,173.42990112304688
2020-01-15,181.86000061035156,179.17999267578125,181.4199981689453,179.77999877929688,2482200.0,171.90951538085938
2020-01-16,181.1999969482422,179.69000244140625,180.67999267578125,181.00999450683594,2149900.0,173.08566284179688
2020-01-17,182.14999389648438,180.6999969482422,181.0,181.35000610351562,3690100.0,173.41079711914062
2020-01-21,181.91000366210938,178.6300048828125,181.85000610351562,179.38999938964844,3367700.0,171.53659057617188
2020-01-22,180.57000732421875,177.8800048828125,179.50999450683594,178.02999877929688,2420200.0,170.2361297607422
2020-01-23,178.44000244140625,176.38999938964844,177.07000732421875,177.74000549316406,2358400.0,169.95883178710938
2020-01-24,179.80999755859375,177.52999877929688,178.49000549316406,178.14999389648438,2643100.0,170.35089111328125
2020-01-27,180.58999633789062,175.5399932861328,179.86000061035156,175.6300048828125,4361400.0,167.9412078857422
2020-01-28,172.33999633789062,165.0500030517578,171.89999389648438,165.5800018310547,8920700.0,158.3311767578125
2020-01-29,166.47000122070312,161.52999877929688,166.35000610351562,162.0,5343900.0,154.90789794921875
2020-01-30,162.63999938964844,158.75999450683594,161.0,162.50999450683594,4357100.0,155.3955841064453
2020-01-31,162.64999389648438,158.22999572753906,162.0,158.66000366210938,5740300.0,151.71412658691406
2020-02-03,160.30999755859375,156.3800048828125,160.02999877929688,156.58999633789062,3927100.0,149.7347412109375
2020-02-04,159.9600067138672,157.0,159.77000427246094,157.24000549316406,4363900.0,150.35629272460938
2020-02-05,162.3300018310547,158.6999969482422,159.1199951171875,162.3300018310547,3118200.0,155.2234344482422
2020-02-06,165.0,162.47000122070312,164.49000549316406,162.88999938964844,3413800.0,155.75892639160156
2020-02-07,161.9199981689453,159.6300048828125,161.41000366210938,160.0800018310547,2736200.0,153.0719451904297
2020-02-10,161.25999450683594,158.8699951171875,160.2100067138672,160.14999389648438,2754800.0,153.13888549804688
2020-02-11,162.52000427246094,160.02000427246094,161.0,162.4499969482422,2275100.0,155.3382110595703
2020-02-12,165.0399932861328,163.57000732421875,164.24000549316406,163.8000030517578,2736400.0,156.62908935546875
2020-02-13,161.8699951171875,159.0,161.75999450683594,159.75999450683594,3413900.0,154.14935302734375
2020-02-14,161.13999938964844,158.82000732421875,159.85000610351562,161.00999450683594,2233500.0,155.35545349121094
2020-02-18,160.52999877929688,158.0399932861328,160.36000061035156,158.8800048828125,2478900.0,153.30027770996094
2020-02-19,160.47000122070312,158.36000061035156,159.0800018310547,159.33999633789062,2296400.0,153.7440948486328
2020-02-20,161.38999938964844,158.5,159.0,158.55999755859375,3275100.0,152.9915008544922
2020-02-21,158.58999633789062,156.1199951171875,158.3300018310547,156.92999267578125,3535300.0,151.41873168945312
2020-02-24,154.7100067138672,152.22000122070312,154.4499969482422,152.5500030517578,3635600.0,147.1925811767578
2020-02-25,153.44000244140625,145.97000122070312,153.30999755859375,146.85000610351562,5263400.0,141.69276428222656
2020-02-26,151.82000732421875,148.08999633789062,149.57000732421875,148.9600067138672,5152100.0,143.72865295410156
2020-02-27,155.42999267578125,149.0,151.22999572753906,150.16000366210938,8241600.0,144.88650512695312
2020-02-28,156.72000122070312,146.0,154.08999633789062,149.24000549316406,11508700.0,143.99880981445312
2020-03-02,153.42999267578125,148.3699951171875,151.33999633789062,153.02000427246094,8026300.0,147.6460723876953
2020-03-03,154.0,144.44000244140625,152.44000244140625,145.24000549316406,8296500.0,140.13929748535156
2020-03-04,154.0,145.99000549316406,147.02000427246094,153.97999572753906,5773800.0,148.5723419189453
2020-03-05,154.35000610351562,149.5500030517578,150.8000030517578,151.41000366210938,5887000.0,146.09262084960938
2020-03-06,154.74000549316406,147.8699951171875,149.58999633789062,153.64999389648438,7155100.0,148.25393676757812
2020-03-09,149.4600067138672,143.5500030517578,146.58999633789062,144.05999755859375,8194400.0,139.00074768066406
2020-03-10,153.3800048828125,144.8800048828125,149.02000427246094,153.3000030517578,5651700.0,147.91624450683594
2020-03-11,149.72999572753906,146.47000122070312,149.72999572753906,147.24000549316406,4748200.0,142.0690460205078
2020-03-12,141.7100067138672,130.33999633789062,139.9600067138672,133.5800018310547,8215800.0,128.8887939453125
2020-03-13,141.69000244140625,131.0,141.00999450683594,141.67999267578125,6580300.0,136.7042999267578
2020-03-16,135.5,128.00999450683594,129.86000061035156,130.91000366210938,7440800.0,126.31256103515625
2020-03-17,136.77000427246094,129.61000061035156,131.94000244140625,134.44000244140625,6535400.0,129.71856689453125
2020-03-18,139.3699951171875,128.38999938964844,128.4600067138672,137.02000427246094,6860400.0,132.20797729492188
2020-03-19,140.17999267578125,132.92999267578125,137.7100067138672,137.50999450683594,6365700.0,132.68075561523438
2020-03-20,139.24000549316406,122.70999908447266,138.07000732421875,124.88999938964844,9589200.0,120.50396728515625
2020-03-23,128.39999389648438,114.04000091552734,128.16000366210938,117.87000274658203,7934300.0,113.73050689697266
2020-03-24,133.4499969482422,121.0,122.29000091552734,132.72000122070312,9311700.0,128.0590057373047
2020-03-25,134.69000244140625,126.80000305175781,133.14999389648438,131.5399932861328,7742500.0,126.92042541503906
2020-03-26,136.3800048828125,130.61000061035156,131.7899932861328,136.17999267578125,6717000.0,131.39747619628906
2020-03-27,137.07000732421875,130.91000366210938,132.8300018310547,133.24000549316406,4262300.0,128.56072998046875
2020-03-30,138.00999450683594,131.05999755859375,132.25,137.74000549316406,3869500.0,132.90267944335938
2020-03-31,139.44000244140625,135.67999267578125,135.69000244140625,136.50999450683594,3613700.0,131.7158660888672
2020-04-01,135.83999633789062,131.00999450683594,132.0,133.13999938964844,3777600.0,128.4642333984375
2020-04-02,138.2100067138672,132.10000610351562,132.36000061035156,137.91000366210938,3990300.0,133.06671142578125
2020-04-03,137.44000244140625,132.89999389648438,136.00999450683594,133.7899932861328,3588300.0,129.09140014648438
2020-04-06,141.25,136.89999389648438,137.86000061035156,140.6999969482422,5639700.0,135.75872802734375
2020-04-07,150.63999938964844,144.39999389648438,147.5,144.60000610351562,5496300.0,139.52175903320312
2020-04-08,149.72000122070312,143.91000366210938,145.72999572753906,148.99000549316406,3071100.0,143.7576141357422
2020-04-09,149.72999572753906,146.5399932861328,148.4600067138672,147.77999877929688,4784200.0,142.590087890625
2020-04-13,148.5800018310547,145.3000030517578,147.5,146.39999389648438,2642300.0,141.25852966308594
2020-04-14,150.97999572753906,148.0500030517578,149.6199951171875,150.13999938964844,3318400.0,144.86720275878906
2020-04-15,148.5500030517578,144.89999389648438,148.19000244140625,145.16000366210938,3043900.0,140.0620880126953
2020-04-16,146.4499969482422,143.22999572753906,145.27000427246094,144.89999389648438,4170400.0,139.8112335205078
2020-04-17,148.5,144.8000030517578,147.44000244140625,146.4600067138672,5393100.0,141.3164520263672
2020-04-20,147.02000427246094,143.64999389648438,144.75,143.6699981689453,2893000.0,138.62442016601562
2020-04-21,142.77000427246094,140.5,142.25,141.6300048828125,2331100.0,136.6560821533203
2020-04-22,144.47999572753906,141.7100067138672,143.36000061035156,143.61000061035156,2750400.0,138.56654357910156
2020-04-23,147.5800018310547,143.8800048828125,144.5800018310547,144.3300018310547,2585300.0,139.26124572753906
2020-04-24,147.33999633789062,144.30999755859375,145.1699981689453,147.0,2247700.0,141.83749389648438
2020-04-27,154.49000549316406,147.88999938964844,148.0,153.64999389648438,4644900.0,148.25393676757812
2020-04-28,163.0800018310547,155.1999969482422,160.02999877929688,157.61000061035156,8294100.0,152.0748748779297
2020-04-29,160.22000122070312,155.1699981689453,158.5399932861328,156.25999450683594,3987100.0,150.77227783203125
2020-04-30,154.94000244140625,151.75,154.30999755859375,151.9199981689453,3667800.0,146.58470153808594
2020-05-01,150.0399932861328,147.72999572753906,149.3000030517578,148.60000610351562,2926400.0,143.3813018798828
2020-05-04,148.55999755859375,146.05999755859375,148.5399932861328,148.39999389648438,2229800.0,143.18829345703125
2020-05-05,150.0,147.10000610351562,149.88999938964844,147.42999267578125,2269200.0,142.25238037109375
2020-05-06,148.1699981689453,145.99000549316406,147.7899932861328,146.1999969482422,2168600.0,141.06556701660156
2020-05-07,147.85000610351562,144.89999389648438,147.6999969482422,145.74000549316406,2800800.0,140.62173461914062
2020-05-08,149.17999267578125,146.3800048828125,147.0800018310547,148.50999450683594,2169700.0,143.29444885253906
2020-05-11,147.9600067138672,145.58999633789062,147.82000732421875,145.72999572753906,3034600.0,140.61207580566406
2020-05-12,147.22000122070312,141.4499969482422,146.5500030517578,141.52000427246094,3030000.0,136.5499267578125
2020-05-13,140.72999572753906,135.0,140.7100067138672,136.1199951171875,4806000.0,131.33958435058594
2020-05-14,136.14999389648438,131.1199951171875,135.0,135.99000549316406,5897700.0,131.2141571044922
2020-05-15,138.8699951171875,134.1999969482422,134.52999877929688,138.69000244140625,10113700.0,133.81932067871094
2020-05-18,149.72000122070312,142.50999450683594,143.16000366210938,149.27000427246094,6018500.0,144.0277557373047
2020-05-19,151.64999389648438,147.3699951171875,148.5,148.3800048828125,4059900.0,143.1690216064453
2020-05-20,151.42999267578125,148.8300018310547,149.8699951171875,149.67999267578125,3428800.0,144.42333984375
2020-05-21,148.63999938964844,145.33999633789062,147.74000549316406,145.80999755859375,2789100.0,142.0846710205078
2020-05-22,146.63999938964844,144.60000610351562,145.74000549316406,146.44000244140625,2661400.0,142.69859313964844
2020-05-26,152.97999572753906,149.1999969482422,150.42999267578125,152.0800018310547,4616300.0,148.19447326660156
2020-05-27,158.16000366210938,153.33999633789062,153.99000549316406,158.14999389648438,6056300.0,154.10939025878906
2020-05-28,159.8699951171875,154.1300048828125,158.7100067138672,156.82000732421875,6730700.0,152.81338500976562
2020-05-29,156.8699951171875,153.0500030517578,155.5,156.44000244140625,8632700.0,152.44308471679688
2020-06-01,157.5500030517578,154.88999938964844,155.9499969482422,155.5800018310547,2083400.0,151.60507202148438
2020-06-02,158.60000610351562,156.6300048828125,156.75,157.63999938964844,2333800.0,153.61244201660156
2020-06-03,161.66000366210938,158.52000427246094,159.35000610351562,161.2100067138672,3674300.0,157.0912322998047
2020-06-04,162.5800018310547,159.17999267578125,159.75999450683594,162.5500030517578,2880700.0,158.39698791503906
2020-06-05,168.35000610351562,165.0,165.0,167.41000366210938,4527200.0,163.1328125
2020-06-08,169.5399932861328,165.27000427246094,167.10000610351562,166.8699951171875,2987600.0,162.60659790039062
2020-06-09,167.9600067138672,164.0800018310547,165.47999572753906,166.6999969482422,3161600.0,162.4409637451172
2020-06-10,167.33999633789062,163.80999755859375,166.89999389648438,163.89999389648438,2551300.0,159.7124786376953
2020-06-11,160.25,152.30999755859375,160.05999755859375,152.3800048828125,5016600.0,148.48683166503906
2020-06-12,157.4199981689453,151.72999572753906,156.27999877929688,154.8699951171875,2998800.0,150.91319274902344
2020-06-15,159.6199951171875,150.49000549316406,150.8800048828125,157.72999572753906,4093800.0,153.7001190185547
2020-06-16,163.3800048828125,156.88999938964844,162.85000610351562,159.6699981689453,3386700.0,155.59056091308594
2020-06-17,160.8699951171875,158.97000122070312,160.1999969482422,159.22000122070312,1714600.0,155.15206909179688
2020-06-18,159.8300018310547,157.58999633789062,158.07000732421875,159.2100067138672,1806100.0,155.14231872558594
2020-06-19,162.08999633789062,156.47000122070312,161.35000610351562,158.14999389648438,6405200.0,154.10939025878906
2020-06-22,157.4199981689453,155.47999572753906,157.0,156.69000244140625,2020900.0,152.68670654296875
2020-06-23,158.6699981689453,156.24000549316406,157.9600067138672,157.83999633789062,2301800.0,153.80731201171875
2020-06-24,156.72999572753906,151.7100067138672,156.2899932861328,152.22000122070312,3042800.0,148.33090209960938
2020-06-25,155.0500030517578,150.10000610351562,152.0500030517578,154.6699981689453,2060700.0,150.71829223632812
2020-06-26,154.77999877929688,151.52999877929688,154.60000610351562,152.52000427246094,2826400.0,148.6232452392578
2020-06-29,156.50999450683594,153.47999572753906,153.89999389648438,155.57000732421875,2145100.0,151.59532165527344
2020-06-30,156.7100067138672,154.0500030517578,154.91000366210938,155.99000549316406,2941600.0,152.0045928955078
2020-07-01,157.8000030517578,155.30999755859375,156.33999633789062,155.42999267578125,1625600.0,151.45889282226562
2020-07-02,158.8800048828125,156.4600067138672,157.6199951171875,157.0399932861328,1982800.0,153.02774047851562
2020-07-06,159.9600067138672,157.0500030517578,158.8699951171875,158.10000610351562,2099500.0,154.0606689453125
2020-07-07,157.10000610351562,154.69000244140625,156.0800018310547,154.82000732421875,1571700.0,150.864501953125
2020-07-08,155.60000610351562,153.8699951171875,155.07000732421875,154.5800018310547,1662000.0,150.630615234375
2020-07-09,154.72000122070312,151.0399932861328,153.9199981689453,151.4499969482422,2190000.0,147.58058166503906
2020-07-10,153.25,150.99000549316406,151.69000244140625,152.85000610351562,1954500.0,148.94480895996094
2020-07-13,156.92999267578125,154.16000366210938,154.35000610351562,154.8000030517578,2217800.0,150.84498596191406
2020-07-14,159.22999572753906,153.9199981689453,154.8000030517578,158.5399932861328,3198900.0,154.4894256591797
2020-07-15,161.3800048828125,159.25,159.97999572753906,159.3300018310547,3472300.0,155.25924682617188
2020-07-16,160.91000366210938,158.0399932861328,159.25,160.5,1801500.0,156.39935302734375
2020-07-17,161.55999755859375,159.50999450683594,160.86000061035156,159.8300018310547,2551700.0,155.74647521972656
2020-07-20,158.8699951171875,156.3699951171875,158.85000610351562,156.3699951171875,1790100.0,152.3748779296875
2020-07-21,159.6300048828125,156.99000549316406,157.0,157.8000030517578,2757200.0,153.76834106445312
2020-07-22,159.92999267578125,157.02000427246094,157.42999267578125,158.7100067138672,1899600.0,154.65509033203125
2020-07-23,159.64999389648438,158.36000061035156,159.0,159.2899932861328,2695100.0,155.2202606201172
2020-07-24,161.60000610351562,158.72000122070312,160.0500030517578,159.83999633789062,2524700.0,155.75621032714844
2020-07-27,163.3800048828125,159.3300018310547,159.52999877929688,163.24000549316406,3198500.0,159.06935119628906
2020-07-28,157.47999572753906,153.8000030517578,155.47000122070312,155.3300018310547,7738800.0,151.3614501953125
2020-07-29,157.52999877929688,154.9199981689453,156.5,156.25,3322700.0,152.2579345703125
2020-07-30,154.72000122070312,151.36000061035156,154.30999755859375,152.1199951171875,3113000.0,148.2334442138672
2020-07-31,151.75,148.8000030517578,151.67999267578125,150.47000122070312,3266400.0,146.62562561035156
2020-08-03,151.4199981689453,149.30999755859375,151.08999633789062,150.41000366210938,2264900.0,146.56715393066406
2020-08-04,151.24000549316406,149.66000366210938,149.89999389648438,151.2100067138672,1935500.0,147.34671020507812
2020-08-05,155.39999389648438,152.10000610351562,152.16000366210938,155.35000610351562,2723400.0,151.38095092773438
2020-08-06,156.49000549316406,154.67999267578125,155.92999267578125,156.0,2885800.0,152.01434326171875
2020-08-07,158.4199981689453,155.07000732421875,155.99000549316406,158.3300018310547,2184300.0,154.2847900390625
2020-08-10,161.60000610351562,158.5500030517578,158.5500030517578,161.44000244140625,2272800.0,157.3153533935547
2020-08-11,166.63999938964844,163.0399932861328,164.1300048828125,163.3800048828125,3764500.0,159.20579528808594
2020-08-12,165.9499969482422,163.35000610351562,165.0,164.25999450683594,2079700.0,160.06329345703125
2020-08-13,167.49000549316406,164.75,165.52000427246094,165.86000061035156,2884000.0,161.62242126464844
2020-08-14,166.3000030517578,164.52000427246094,164.61000061035156,166.10000610351562,1607300.0,161.85629272460938
2020-08-17,166.3699951171875,163.64999389648438,165.1699981689453,164.7100067138672,2068100.0,160.50180053710938
2020-08-18,165.44000244140625,163.75999450683594,164.42999267578125,164.3800048828125,1519100.0,160.1802520751953
2020-08-19,165.69000244140625,163.77999877929688,164.94000244140625,163.97000122070312,2012800.0,159.78070068359375
2020-08-20,163.66000366210938,162.3800048828125,163.02000427246094,162.97000122070312,1990300.0,158.80625915527344
2020-08-21,162.69000244140625,160.74000549316406,160.92999267578125,161.7100067138672,2005600.0,159.01275634765625
2020-08-24,163.9499969482422,161.14999389648438,161.5500030517578,163.52999877929688,2604400.0,160.80239868164062
2020-08-25,165.25,162.4199981689453,164.86000061035156,163.10000610351562,1938500.0,160.37957763671875
2020-08-26,164.77000427246094,161.69000244140625,162.8699951171875,163.89999389648438,2503400.0,161.1662139892578
2020-08-27,165.36000061035156,163.17999267578125,164.5,164.0800018310547,2325900.0,161.3432159423828
2020-08-28,166.1699981689453,163.9199981689453,164.63999938964844,165.66000366210938,3046300.0,162.89686584472656
2020-08-31,165.75,162.08999633789062,165.16000366210938,163.02000427246094,2881100.0,160.3009033203125
2020-09-01,165.5500030517578,161.63999938964844,162.1699981689453,164.8000030517578,2901100.0,162.05120849609375
2020-09-02,170.0,165.13999938964844,165.16000366210938,169.50999450683594,3943700.0,166.68264770507812
2020-09-03,170.4199981689453,164.99000549316406,170.0,166.30999755859375,3481300.0,163.53602600097656
2020-09-04,169.11000061035156,163.89999389648438,168.17999267578125,165.77000427246094,3267000.0,163.00503540039062
2020-09-08,165.6300048828125,161.8800048828125,165.5800018310547,163.1699981689453,2863900.0,160.4484100341797
2020-09-09,167.33999633789062,164.0,164.0,165.6999969482422,2721700.0,162.9362030029297
2020-09-10,166.6699981689453,162.75,166.24000549316406,163.14999389648438,2054200.0,160.42872619628906
2020-09-11,166.6999969482422,163.05999755859375,163.44000244140625,166.1699981689453,1698500.0,163.3983612060547
2020-09-14,169.42999267578125,166.42999267578125,167.66000366210938,168.4600067138672,2264200.0,165.65017700195312
2020-09-15,169.92999267578125,166.1699981689453,169.8699951171875,166.57000732421875,2056300.0,163.7917022705078
2020-09-16,171.10000610351562,167.50999450683594,167.8699951171875,169.50999450683594,2931700.0,166.68264770507812
2020-09-17,173.1999969482422,167.19000244140625,168.0,172.3800048828125,2756100.0,169.50479125976562
2020-09-18,172.77999877929688,169.47000122070312,172.05999755859375,169.5500030517578,4084500.0,166.7220001220703
2020-09-21,166.6699981689453,159.63999938964844,165.97999572753906,161.36000061035156,3911700.0,158.66859436035156
2020-09-22,163.6699981689453,160.4199981689453,161.05999755859375,162.33999633789062,2103800.0,159.6322479248047
2020-09-23,164.24000549316406,159.1199951171875,162.52000427246094,159.50999450683594,2248200.0,156.8494415283203
2020-09-24,161.9600067138672,158.07000732421875,159.39999389648438,160.4199981689453,1569700.0,157.7442626953125
2020-09-25,160.97999572753906,158.86000061035156,159.30999755859375,160.27000427246094,1948900.0,157.59678649902344
2020-09-28,164.13999938964844,161.3300018310547,162.0,161.66000366210938,2098500.0,158.96359252929688
2020-09-29,161.9499969482422,158.77999877929688,161.6699981689453,159.80999755859375,2006700.0,157.14443969726562
2020-09-30,163.10000610351562,158.61000061035156,160.92999267578125,160.17999267578125,3056900.0,157.50827026367188
2020-10-01,161.89999389648438,157.72000122070312,160.6699981689453,158.7899932861328,1989100.0,156.14144897460938
2020-10-02,161.94000244140625,156.25,156.47000122070312,160.36000061035156,1768600.0,157.68527221679688
2020-10-05,163.5,161.75999450683594,162.25,162.75,1457000.0,160.03541564941406
2020-10-06,165.6999969482422,161.8300018310547,163.44000244140625,162.22999572753906,2021900.0,159.52407836914062
2020-10-07,167.75,164.41000366210938,165.10000610351562,166.49000549316406,2155400.0,163.71304321289062
2020-10-08,168.14999389648438,166.1300048828125,167.3000030517578,167.7100067138672,1902600.0,164.91268920898438
2020-10-09,170.47999572753906,167.9499969482422,168.8800048828125,169.3000030517578,2015500.0,166.4761505126953
2020-10-12,170.61000061035156,168.1199951171875,169.47000122070312,168.64999389648438,1533600.0,165.83700561523438
2020-10-13,169.4499969482422,166.0,168.3000030517578,166.6300048828125,1575300.0,163.85069274902344
2020-10-14,169.5399932861328,166.7899932861328,167.00999450683594,168.39999389648438,1435300.0,165.59115600585938
2020-10-15,169.67999267578125,165.8000030517578,166.0500030517578,169.0800018310547,1638100.0,166.25982666015625
2020-10-16,172.07000732421875,169.22000122070312,169.94000244140625,170.97000122070312,2478600.0,168.11831665039062
2020-10-19,172.35000610351562,168.8699951171875,171.02000427246094,169.5500030517578,1909900.0,166.7220001220703
2020-10-20,173.19000244140625,169.99000549316406,170.5,170.9499969482422,1813000.0,168.0986328125
2020-10-21,172.11000061035156,169.07000732421875,170.33999633789062,169.1699981689453,1511100.0,166.3483123779297
2020-10-22,170.99000549316406,168.38999938964844,169.63999938964844,170.7100067138672,1663200.0,167.86265563964844
2020-10-23,172.17999267578125,169.02000427246094,171.9199981689453,169.8000030517578,2137500.0,166.9678192138672
2020-10-26,168.08999633789062,164.38999938964844,167.67999267578125,166.16000366210938,3338800.0,163.38853454589844
2020-10-27,164.97999572753906,160.64999389648438,164.5,161.02999877929688,3894400.0,158.34408569335938
2020-10-28,162.85000610351562,158.1199951171875,159.80999755859375,158.52999877929688,3065100.0,155.88580322265625
2020-10-29,160.17999267578125,156.1300048828125,158.11000061035156,158.47999572753906,2680900.0,155.8366241455078
2020-10-30,159.9600067138672,157.0,158.3300018310547,159.9600067138672,2234500.0,157.2919464111328
2020-11-02,163.4199981689453,160.92999267578125,162.19000244140625,162.94000244140625,2116600.0,160.2222442626953
2020-11-03,166.8300018310547,163.74000549316406,164.86000061035156,165.50999450683594,1896900.0,162.74935913085938
2020-11-04,165.3000030517578,159.89999389648438,162.75,160.16000366210938,3140900.0,157.4886016845703
2020-11-05,164.41000366210938,162.02000427246094,162.16000366210938,163.1999969482422,2178500.0,160.4779052734375
2020-11-06,164.3000030517578,161.57000732421875,163.66000366210938,163.02000427246094,1685000.0,160.3009033203125
2020-11-09,175.42999267578125,163.14999389648438,174.1300048828125,163.42999267578125,4418100.0,160.7040557861328
2020-11-10,169.27000427246094,163.86000061035156,165.19000244140625,169.13999938964844,3500400.0,166.31881713867188
2020-11-11,170.74000549316406,167.60000610351562,170.72999572753906,169.2100067138672,2884400.0,166.38766479492188
2020-11-12,169.19000244140625,165.5800018310547,168.14999389648438,167.0500030517578,2216700.0,164.26368713378906
2020-11-13,170.25999450683594,167.27999877929688,167.9199981689453,169.7899932861328,1812100.0,166.95797729492188
2020-11-16,173.88999938964844,170.17999267578125,172.6199951171875,173.86000061035156,2434300.0,170.96009826660156
2020-11-17,174.5,170.86000061035156,173.0399932861328,173.63999938964844,2589900.0,170.7437744140625
2020-11-18,174.6999969482422,171.3300018310547,174.5,171.39999389648438,2615800.0,168.54112243652344
2020-11-19,171.8800048828125,169.3000030517578,170.57000732421875,171.61000061035156,2986000.0,170.2073974609375
2020-11-20,172.9499969482422,170.9600067138672,171.5,172.88999938964844,2656900.0,171.47694396972656
2020-11-23,174.86000061035156,173.4499969482422,173.75999450683594,174.13999938964844,2064300.0,172.7167205810547
2020-11-24,177.22000122070312,174.89999389648438,175.0,177.0800018310547,3086000.0,175.6326904296875
2020-11-25,177.33999633789062,175.4499969482422,176.83999633789062,177.1199951171875,2052200.0,175.67236328125
2020-11-27,179.6300048828125,175.57000732421875,177.82000732421875,176.88999938964844,1267100.0,175.44424438476562
2020-11-30,176.0,172.6999969482422,175.77000427246094,172.72999572753906,6141300.0,171.3182373046875
2020-12-01,175.69000244140625,170.00999450683594,174.22000122070312,170.52000427246094,3859600.0,169.12631225585938
2020-12-02,172.5800018310547,170.22000122070312,170.25999450683594,171.85000610351562,2421800.0,170.44544982910156
2020-12-03,173.38999938964844,171.0399932861328,171.0399932861328,171.8300018310547,2377800.0,170.4256134033203
2020-12-04,173.16000366210938,171.5399932861328,172.1300048828125,172.4600067138672,2663600.0,171.0504608154297
2020-12-07,172.5,169.17999267578125,171.72000122070312,170.14999389648438,2526800.0,168.7593231201172
2020-12-08,172.8300018310547,169.6999969482422,169.74000549316406,172.4600067138672,1730800.0,171.0504608154297
2020-12-09,175.63999938964844,171.92999267578125,172.6699981689453,175.2899932861328,2790900.0,173.85731506347656
2020-12-10,175.39999389648438,172.69000244140625,174.8699951171875,173.49000549316406,2228800.0,172.07203674316406
2020-12-11,174.64999389648438,172.1699981689453,172.3000030517578,174.02000427246094,1875700.0,172.5977020263672
2020-12-14,176.1999969482422,172.99000549316406,175.6699981689453,173.0800018310547,3700100.0,171.66539001464844
2020-12-15,175.05999755859375,172.5500030517578,174.38999938964844,174.67999267578125,2270600.0,173.25230407714844
2020-12-16,175.85000610351562,174.35000610351562,174.61000061035156,175.41000366210938,1949900.0,173.97634887695312
2020-12-17,177.4600067138672,175.38999938964844,176.0,176.64999389648438,2327800.0,175.20620727539062
2020-12-18,177.4600067138672,175.11000061035156,176.75999450683594,176.4199981689453,4682000.0,174.97808837890625
2020-12-21,176.1300048828125,173.02999877929688,173.61000061035156,175.66000366210938,1704600.0,174.22430419921875
2020-12-22,175.92999267578125,174.17999267578125,175.0500030517578,174.77999877929688,1381200.0,173.3514862060547
2020-12-23,175.80999755859375,173.9600067138672,175.3000030517578,173.99000549316406,1762600.0,172.56796264648438
2020-12-24,174.7899932861328,173.4199981689453,174.4199981689453,174.52000427246094,656200.0,173.0936279296875
2020-12-28,176.39999389648438,174.38999938964844,175.30999755859375,174.7100067138672,1403000.0,173.28207397460938
2020-12-29,175.63999938964844,173.14999389648438,175.5500030517578,173.85000610351562,1218900.0,172.42910766601562
2020-12-30,174.9199981689453,173.3800048828125,173.8800048828125,174.11000061035156,1419100.0,172.6869659423828
2020-12-31,174.8699951171875,173.17999267578125,174.1199951171875,174.7899932861328,1841300.0,173.3614044189453
2021-01-04,176.1999969482422,170.5500030517578,175.0,171.8699951171875,2996200.0,170.46527099609375
2021-01-05,173.25,170.64999389648438,172.00999450683594,171.5800018310547,2295300.0,170.17764282226562
2021-01-06,175.57000732421875,172.0399932861328,172.72000122070312,174.19000244140625,3346400.0,172.7663116455078
2021-01-07,173.4600067138672,166.16000366210938,171.55999755859375,169.72000122070312,5863400.0,168.33285522460938
2021-01-08,169.5399932861328,164.61000061035156,169.1699981689453,166.6199951171875,4808100.0,165.2581787109375
2021-01-11,167.13999938964844,165.0,166.10000610351562,165.1999969482422,2737100.0,163.84979248046875
2021-01-12,167.17999267578125,164.0800018310547,165.89999389648438,166.50999450683594,2949100.0,165.14907836914062
2021-01-13,167.74000549316406,166.0500030517578,167.27000427246094,166.27999877929688,2098000.0,164.92095947265625
2021-01-14,167.36000061035156,165.22999572753906,167.27000427246094,166.41000366210938,2895400.0,165.04991149902344
2021-01-15,166.25999450683594,163.3800048828125,165.6300048828125,165.5500030517578,3550700.0,164.19692993164062
2021-01-19,169.5500030517578,166.8000030517578,167.25999450683594,169.1199951171875,3903200.0,167.7377471923828
2021-01-20,170.5800018310547,168.42999267578125,169.0399932861328,170.22000122070312,2672300.0,168.82876586914062
2021-01-21,171.49000549316406,169.38999938964844,170.22000122070312,170.6699981689453,2688200.0,169.27508544921875
2021-01-22,170.1999969482422,167.24000549316406,170.1999969482422,169.0399932861328,2349300.0,167.6584014892578
2021-01-25,172.49000549316406,168.22999572753906,168.8800048828125,170.38999938964844,3353100.0,168.99737548828125
2021-01-26,176.83999633789062,172.0800018310547,173.77999877929688,175.9499969482422,5148900.0,174.51193237304688
2021-01-27,187.27000427246094,177.16000366210938,177.30999755859375,186.64999389648438,8097000.0,185.1244659423828
2021-01-28,186.5800018310547,182.5800018310547,185.0,183.4199981689453,4153700.0,181.92088317871094
2021-01-29,182.97999572753906,174.8699951171875,182.2899932861328,175.66000366210938,4214600.0,174.22430419921875
2021-02-01,177.11000061035156,173.97000122070312,175.97000122070312,174.6999969482422,2569700.0,173.2721405029297
2021-02-02,177.52999877929688,174.85000610351562,176.25,175.02000427246094,2844400.0,173.58953857421875
2021-02-03,177.44000244140625,173.5500030517578,175.3800048828125,175.47999572753906,2874200.0,174.04576110839844
2021-02-04,177.2899932861328,175.50999450683594,175.7899932861328,177.10000610351562,1833000.0,175.6525421142578
2021-02-05,179.22999572753906,176.6999969482422,177.60000610351562,179.00999450683594,1820600.0,177.5469207763672
2021-02-08,180.8699951171875,179.1699981689453,179.3000030517578,180.75999450683594,2355100.0,179.28260803222656
2021-02-09,181.89999389648438,180.17999267578125,181.22000122070312,180.94000244140625,1942800.0,179.46115112304688
2021-02-10,182.3800048828125,180.63999938964844,181.8800048828125,181.0800018310547,1929000.0,179.60000610351562
2021-02-11,179.8800048828125,175.83999633789062,179.35000610351562,177.2100067138672,2187100.0,177.2100067138672
2021-02-12,178.83999633789062,177.2100067138672,177.27000427246094,178.6999969482422,1081500.0,178.6999969482422
2021-02-16,179.69000244140625,176.32000732421875,179.0,176.6300048828125,1834000.0,176.6300048828125
2021-02-17,177.3000030517578,175.13999938964844,176.0500030517578,176.64999389648438,1578100.0,176.64999389648438
2021-02-18,179.6699981689453,176.14999389648438,177.25,179.3699951171875,2087100.0,179.3699951171875
2021-02-19,180.77000427246094,176.1999969482422,179.57000732421875,176.5399932861328,2986800.0,176.5399932861328
2021-02-22,177.08999633789062,175.00999450683594,176.4600067138672,176.1199951171875,2271500.0,176.1199951171875
2021-02-23,177.5399932861328,174.7100067138672,177.5399932861328,176.1699981689453,2352300.0,176.1699981689453
2021-02-24,177.97999572753906,173.75999450683594,176.0,177.6300048828125,2742600.0,177.6300048828125
2021-02-25,180.75,177.42999267578125,177.52000427246094,178.75999450683594,2634300.0,178.75999450683594
2021-02-26,179.4499969482422,174.61000061035156,179.44000244140625,175.05999755859375,3363300.0,175.05999755859375
2021-03-01,177.5,175.6999969482422,175.6999969482422,176.41000366210938,1840000.0,176.41000366210938
2021-03-02,177.7899932861328,174.7899932861328,177.0,177.11000061035156,2272400.0,177.11000061035156
2021-03-03,180.02000427246094,176.8000030517578,177.42999267578125,178.05999755859375,2267100.0,178.05999755859375
2021-03-04,180.17999267578125,174.07000732421875,179.2899932861328,177.6300048828125,3532400.0,177.6300048828125
2021-03-05,181.55999755859375,176.9499969482422,178.4499969482422,180.8000030517578,2261500.0,180.8000030517578
2021-03-08,185.6999969482422,180.92999267578125,180.99000549316406,183.77000427246094,2574900.0,183.77000427246094
2021-03-09,184.14999389648438,181.02000427246094,183.5,181.17999267578125,2841500.0,181.17999267578125
2021-03-10,185.3800048828125,181.41000366210938,182.3699951171875,184.50999450683594,2369900.0,184.50999450683594
2021-03-11,185.07000732421875,182.10000610351562,183.1300048828125,184.57000732421875,2377300.0,184.57000732421875
2021-03-12,186.2100067138672,184.27000427246094,185.61000061035156,184.9199981689453,2688700.0,184.9199981689453
2021-03-15,189.6300048828125,185.7100067138672,186.02999877929688,189.47999572753906,3300000.0,189.47999572753906
2021-03-16,188.4600067138672,185.97999572753906,188.0,186.85000610351562,2065400.0,186.85000610351562
2021-03-17,189.99000549316406,187.0500030517578,187.3300018310547,188.3000030517578,2545400.0,188.3000030517578
2021-03-18,192.08999633789062,188.60000610351562,188.60000610351562,191.0,3049100.0,191.0
2021-03-19,191.0,188.69000244140625,190.60000610351562,188.7100067138672,6667200.0,188.7100067138672
2021-03-22,189.75999450683594,187.00999450683594,188.25999450683594,189.47000122070312,2605300.0,189.47000122070312
2021-03-23,191.7100067138672,187.89999389648438,188.77000427246094,188.3300018310547,2768700.0,188.3300018310547
2021-03-24,192.74000549316406,188.0800018310547,188.42999267578125,190.69000244140625,2829200.0,190.69000244140625
2021-03-25,193.36000061035156,190.1699981689453,191.63999938964844,193.10000610351562,2221000.0,193.10000610351562
2021-03-26,194.9499969482422,192.2100067138672,193.00999450683594,194.8800048828125,2677600.0,194.8800048828125
2021-03-29,196.72000122070312,193.50999450683594,193.6199951171875,195.74000549316406,2601800.0,195.74000549316406
2021-03-30,196.6300048828125,193.8800048828125,194.97999572753906,194.63999938964844,1876700.0,194.63999938964844
2021-03-31,194.42999267578125,192.0500030517578,193.94000244140625,192.67999267578125,2426900.0,192.67999267578125
2021-04-01,193.9199981689453,190.83999633789062,193.25,192.6999969482422,1902100.0,192.6999969482422
2021-04-05,195.9499969482422,193.7100067138672,193.88999938964844,194.97000122070312,1963000.0,194.97000122070312
2021-04-06,195.61000061035156,193.99000549316406,195.0,194.83999633789062,1472700.0,194.83999633789062
2021-04-07,195.35000610351562,193.9199981689453,194.16000366210938,194.9499969482422,1501500.0,194.9499969482422
2021-04-08,196.6699981689453,194.02999877929688,194.4199981689453,195.72000122070312,2391800.0,195.72000122070312
2021-04-09,198.9600067138672,196.05999755859375,196.05999755859375,198.0,2159600.0,198.0
